rank	listing_page	page_position	project_machine_name	title	teaser	project_url	git_clone_url
1	0	1	cellular4drupal	cellular4drupal	A sweet starter theme for Drupal Getting Started This project requires nodejs v^14 & npm v^7 Download / git this repo to `/themes/yourThemeName` Install npm packages: ``` cd path/to/yourCoreInstall...	https://www.drupal.org/project/cellular4drupal	https://git.drupalcode.org/project/cellular4drupal.git
2	0	2	excellence_simple	Excellence Simple Bootstrap3 Theme	Excellence Simple is a theme with full integration of the fron-tend framework bootstrap elements and components. Single bootstrap theme with no dependencies. Ideal for your presentations and...	https://www.drupal.org/project/excellence_simple	https://git.drupalcode.org/project/excellence_simple.git
3	0	3	belltowers	Bell Towers Theme	Template responsive bootstrap 3 based The customization options are rather expansive, with options for Google Fonts, logo uploads, and more. The full-screen slider works nicely for those who want...	https://www.drupal.org/project/belltowers	https://git.drupalcode.org/project/belltowers.git
4	0	4	realsteelbeagles	Real steel beagles Theme	Multi device template created and ready to use and customize with numerous demo images already present. Features such as responsive design template with HTML5 start page, header with slider, images...	https://www.drupal.org/project/realsteelbeagles	https://git.drupalcode.org/project/realsteelbeagles.git
5	0	5	studicomy	Studicomy Theme	Studicomy Theme is a responsive design theme with jquery 1.9 without having to use the jquery_update module. This theme have a slider header with 3 slide CSS3 media query. Menu at top responsive...	https://www.drupal.org/project/studicomy	https://git.drupalcode.org/project/studicomy.git
6	0	6	campaignion_foundation	Campaignion foundation (base theme)	This is a base theme for campaignion that produces foundation compatible markup.	https://www.drupal.org/project/campaignion_foundation	https://git.drupalcode.org/project/campaignion_foundation.git
7	0	7	dust	Dust	Drupal base theme that integrates with MDC web https://material.io/develop/web/	https://www.drupal.org/project/dust	https://git.drupalcode.org/project/dust.git
8	0	8	haxcms_drupal_theme	HAXcms Drupal Theme	This "theme" allows you to effectively hijack Drupal's render engine so that you can leverage HAXcms and it's theming layer. This will still bootstrap the javascript and css that Drupal normally...	https://www.drupal.org/project/haxcms_drupal_theme	https://git.drupalcode.org/project/haxcms_drupal_theme.git
9	0	9	dxpr_theme	DXPR Theme | Drupal Theme | Low-code Drupal 11 Bootstrap 5 Theme	This theme is included in DXPR CMS and works perfectly with DXPR Builder and the Drupal AI module. DXPR Theme is a professional Drupal theme with extensive customization options, over 200 settings,...	https://www.drupal.org/project/dxpr_theme	https://git.drupalcode.org/project/dxpr_theme.git
10	0	10	sothik	Sothik Bootstrap 4 Educational Theme	A bootstrap 4 based responsive theme for educational sites. This theme is heavily inspired by the Physics Theme. But since physics for Bootstrap 3, I have created this theme for Bootstrap 4 in...	https://www.drupal.org/project/sothik	https://git.drupalcode.org/project/sothik.git
11	0	11	gwt	Government Website Template	Under Development and Seeking Co-maintainers Help Needed We are looking for folks and volunteers to contribute to update the Drupal version of the website template using the latest available...	https://www.drupal.org/project/gwt	https://git.drupalcode.org/project/gwt.git
12	0	12	subtheme_bootstrap	Bootstrap Sub Theme	Fully Customized Drupal 7 Bootstrap Sub-Theme with regions. REQUIREMENTS ---------------------- Bootstrap Theme - https://www.drupal.org/project/bootstrap	https://www.drupal.org/project/subtheme_bootstrap	https://git.drupalcode.org/project/subtheme_bootstrap.git
13	0	13	golden_dust	Golden Dust		https://www.drupal.org/project/golden_dust	https://git.drupalcode.org/project/golden_dust.git
14	0	14	nocturnal_elegance	Nocturnal Elegance		https://www.drupal.org/project/nocturnal_elegance	https://git.drupalcode.org/project/nocturnal_elegance.git
15	0	15	onyx_wheat	Onyx Wheat		https://www.drupal.org/project/onyx_wheat	https://git.drupalcode.org/project/onyx_wheat.git
16	0	16	sable_pearl	Sable Pearl		https://www.drupal.org/project/sable_pearl	https://git.drupalcode.org/project/sable_pearl.git
17	0	17	tailwindcss	Tailwind CSS Starter Kit	This is a starter kit/demo theme for using Tailwind CSS within Drupal. It contains a package.json file with the required dependencies, including Laravel Mix for compiling assets, and a...	https://www.drupal.org/project/tailwindcss	https://git.drupalcode.org/project/tailwindcss.git
18	0	18	ztheme_scss	zTheme SCSS	SAAS Bootstrap Based Starter Theme for developers	https://www.drupal.org/project/ztheme_scss	https://git.drupalcode.org/project/ztheme_scss.git
19	0	19	isosceles_theme	Isosceles Theme	Modern Drupal 10/11 theme built with native CSS Grid and zero external dependencies. Isosceles is a flexible, lightweight contrib theme designed for modern Drupal projects. 24 configurable regions...	https://www.drupal.org/project/isosceles_theme	https://git.drupalcode.org/project/isosceles_theme.git
20	0	20	zadmin	zAdmin	zadmin - Ultimate Bootstrap 5-Based Drupal 9.5 Theme! Are you looking for a powerful and feature-packed theme for your Drupal website? Look no further than zadmin! Built on the reliable Bootstrap 5...	https://www.drupal.org/project/zadmin	https://git.drupalcode.org/project/zadmin.git
21	0	21	corporateclassic	Corporate Classic		https://www.drupal.org/project/corporateclassic	https://git.drupalcode.org/project/corporateclassic.git
22	0	22	gaurang	Gaurang - Responsive Theme for Personal Portfolios	This theme is following minimalistic design approach and is suited for basic personal portfolio websites. Demo Website. To replicate the demo website, instructions will be added shortly.	https://www.drupal.org/project/gaurang	https://git.drupalcode.org/project/gaurang.git
23	0	23	unixtheme	UnixTheme	Unixtheme is an elegant responsive Drupal theme developed by DNA Creative Group LTD. This theme could easily be used for a variety of other websites. The theme was designed using drupal best...	https://www.drupal.org/project/unixtheme	https://git.drupalcode.org/project/unixtheme.git
24	0	24	adminlte_theme	Admin LTE Theme	## About Drupal Admin LTE ==================== Admin LTE is a Drupal 7 theme. The theme is dependent on the bootstrap base theme. So you should download the bootstrap theme and place in your themes...	https://www.drupal.org/project/adminlte_theme	https://git.drupalcode.org/project/adminlte_theme.git
25	0	25	bootstrap4	Bootstrap4	Bootstrap 4 based theme. Consider using ready for production Bootstrap5 theme if you are starting from scratch. This is a very simplified Bootstrap 4 (Bootstrap 5 is ready) theme with simple...	https://www.drupal.org/project/bootstrap4	https://git.drupalcode.org/project/bootstrap4.git
26	1	1	byu_theme	BYU Theme	BYU Theme BYU Brand-compliant Theme using Bootstrap and web components. Dependencies Version 8.x-4.x or 7.x-3.x support v2 of the components. If your using v1 of the components, then use an earlier...	https://www.drupal.org/project/byu_theme	https://git.drupalcode.org/project/byu_theme.git
27	1	2	visually_impaired_theme	Visually Impaired Support (theme)	Theme provides version for visually impaired people according to Russian legislation. Тема оформления позволяет создать версию для слабовидящих, согласно Российскому законодательтву. Используется в...	https://www.drupal.org/project/visually_impaired_theme	https://git.drupalcode.org/project/visually_impaired_theme.git
28	1	3	ae_admin	ae admin	ae admin is a rubik based admin theme used for campaignion.	https://www.drupal.org/project/ae_admin	https://git.drupalcode.org/project/ae_admin.git
29	1	4	uikit_api	UIkit API theme	UIkit API is a UIkit sub-theme made specifically for sites using the API module. Release versioning Major release versions identify which version of the UIkit framework is supported in the releases...	https://www.drupal.org/project/uikit_api	https://git.drupalcode.org/project/uikit_api.git
30	1	5	ztheme	ztheme bootstrap starter pack	zTheme is a starter theme of bootstrap. This has a 20 Regions which can be used in multipurpose. Make sure that you have proper backups before updating. Else you may loose your custom changes. D7...	https://www.drupal.org/project/ztheme	https://git.drupalcode.org/project/ztheme.git
31	1	6	diba_core	Diba core	DiBa bootstrap sub-theme. Drupal theme for Diputació de Barcelona public sites. Features 25 theme regions. Menu output preprocessed to align with bootstrap markup. Menus processed as navbar or nav...	https://www.drupal.org/project/diba_core	https://git.drupalcode.org/project/diba_core.git
32	1	7	admintheme	AdminLTE - Fully responsive admin template	AdminLTE -- is a fully responsive admin template. Based on Bootstrap 3 framework. Highly customizable and easy to use. Fits many screen resolutions from small mobile devices to large desktops....	https://www.drupal.org/project/admintheme	https://git.drupalcode.org/project/admintheme.git
33	1	8	we_backend	WeebPal Backend Theme	Any Drupal developers must get used to the default Drupal admin dashboard theme. We totally love it with its simple design and sensible layout arrangement. But we thought it could be better. That's...	https://www.drupal.org/project/we_backend	https://git.drupalcode.org/project/we_backend.git
34	1	9	bootstrap_plus	Bootstrap Plus	Bootstrap Plus theme is a sub theme of Bootstrap. It extends the core theme by adding the following:- Fully accessible and responsive front page slideshow A total of 15 regions WCAG complaint...	https://www.drupal.org/project/bootstrap_plus	https://git.drupalcode.org/project/bootstrap_plus.git
35	1	10	uswds	U.S. Web Design System (USWDS)	Drupal integration of the U.S. Web Design System library. The U.S. Web Design System is a library of design guidelines and code to help government developers and designers quickly create...	https://www.drupal.org/project/uswds	https://git.drupalcode.org/project/uswds.git
36	1	11	glisseo	Glisseo	Glisseo is the base theme for Drupal. Features Modern CSS — which includes CSS variables for styling and CSS grids for layouts! Fully native — not requires node.js or anything similar, ready to use...	https://www.drupal.org/project/glisseo	https://git.drupalcode.org/project/glisseo.git
37	1	12	gerua	Gerua	Its a responsive theme which works on all screen sizes. You can add menus , banners, submenus etc which you can find under theme settings.Gerua is a responsive, feature-rich Drupal 7 theme. It is...	https://www.drupal.org/project/gerua	https://git.drupalcode.org/project/gerua.git
38	1	13	simpleflex	SimpleFlex	SimpleFlex is a light-weight, flexible theme for Drupal 7. It uses SASS with very straight forward theme templates. Features HTML5/CSS3 Flexbox Layout SASS Note: Flexbox is not fully supported by...	https://www.drupal.org/project/simpleflex	https://git.drupalcode.org/project/simpleflex.git
39	1	14	uikit_admin	UIkit Admin	UIkit Admin is an administration theme using UIkit as a base theme. Features: Theme implementations of various admin page elements Redesigned status reports page Works well with contributed modules...	https://www.drupal.org/project/uikit_admin	https://git.drupalcode.org/project/uikit_admin.git
40	1	15	sevendie	Sevendie	Overview Sevendie is an admin theme based on the Drupal core theme, Seven. Has a lot of visual improvements compared to the Seven theme. Very often have to work in the administrative interface, and...	https://www.drupal.org/project/sevendie	https://git.drupalcode.org/project/sevendie.git
41	1	16	atomium	Atomium	The Atomium theme is a Drupal 7 base theme. The goal of this base theme is to rewrite most of the core themes functions of Drupal and use proper render arrays and templates instead. This will allow...	https://www.drupal.org/project/atomium	https://git.drupalcode.org/project/atomium.git
42	1	17	droplet	Droplet	This is a starter development theme using the Bootstrap 3 SASS source code. To use this theme you must first download and install the Drupal Bootstrap parent theme. Includes: bootstrap-sass font...	https://www.drupal.org/project/droplet	https://git.drupalcode.org/project/droplet.git
43	1	18	milligram_red	Milligram Red		https://www.drupal.org/project/milligram_red	https://git.drupalcode.org/project/milligram_red.git
44	1	19	honeydrops	Honey Drops	Honey Drops is a HTML5 based Responsive Drupal Base theme. Most flexible & user friendly theme for backend and frontend. FEATURES HTML5 -> Semantive HTML5 Markups were used. Responsive Design ->...	https://www.drupal.org/project/honeydrops	https://git.drupalcode.org/project/honeydrops.git
45	1	20	material_base	Material base	Introduction Material Base — is a base theme for Drupal, which implements Material Design concept from Google. The theme was made as basic styles and a set of components, which can be easily...	https://www.drupal.org/project/material_base	https://git.drupalcode.org/project/material_base.git
46	1	21	sensible_admin	Sensible Admin	A clean bootstrap and Sensible theme based Drupal Admin theme. Bootstrap is the most popular HTML, CSS, and JS framework for developing responsive, mobile first projects on the web. Sensible Admin...	https://www.drupal.org/project/sensible_admin	https://git.drupalcode.org/project/sensible_admin.git
47	1	22	illuminati	Illuminati	Illuminati is a material theme based on Omega 4 and Materialize css. For this theme, Omega for Drupal 7 is required.	https://www.drupal.org/project/illuminati	https://git.drupalcode.org/project/illuminati.git
48	1	23	foundation_access_iframe	Foundation Access iframe	Iframe based version of foundation access.	https://www.drupal.org/project/foundation_access_iframe	https://git.drupalcode.org/project/foundation_access_iframe.git
49	1	24	gold	Gold Commerce - Advanced Theme for Drupal Commerce	Gold Commerce is an advanced theme for Drupal Commerce using the amazing features of Uikitty. Gold Commerce is built to work with Drupal Commerce 1.x. on Drupal 7.x. Version 2.x for Drupal 8/Drupal...	https://www.drupal.org/project/gold	https://git.drupalcode.org/project/gold.git
50	1	25	dawn	Dawn	V3 — New version in progress from Drupal 10 (starter) & Bootstrap 5.3 Grid! cleaner than ever! A HTML5 Bootstrap Grid based theme. It does not include any other Design Elements from Bootstrap....	https://www.drupal.org/project/dawn	https://git.drupalcode.org/project/dawn.git
51	2	1	twaran_theme	Twaran Theme		https://www.drupal.org/project/twaran_theme	https://git.drupalcode.org/project/twaran_theme.git
52	2	2	bootstrapblog	Bootstrap Blog	Bootstrap Blog is a new and clean theme based on official blog theme of bootstrap Bootstrap Blog This theme can be used for blogs. Bootstrap is the most popular HTML, CSS, and JS framework for...	https://www.drupal.org/project/bootstrapblog	https://git.drupalcode.org/project/bootstrapblog.git
53	2	3	sensible	Sensible	Bootstrap is the most popular HTML, CSS, and JS framework for developing responsive, mobile first projects on the web. Sensible is a clean and minimalistic theme based on bootstrap This theme can...	https://www.drupal.org/project/sensible	https://git.drupalcode.org/project/sensible.git
54	2	4	uikitapi	Uikit API	This theme is written for Drupal 7.x, Drupal 8.x development has been merged into the uikitty theme. Check out uikitty.com for an awesome example of all the javascript and css components for UIkit...	https://www.drupal.org/project/uikitapi	https://git.drupalcode.org/project/uikitapi.git
55	2	5	musica_uikit	Musica - a modern responsive music player	Turn your website into an advanced music player! Musica is a modern and flexible theme built using the UIKIT framework. This allows for an amazing level of control and versatility with page display...	https://www.drupal.org/project/musica_uikit	https://git.drupalcode.org/project/musica_uikit.git
56	2	6	triculin_responsive	triculin responsive	triculin responsive is a clean and elegant theme with minimalistic and simple design approach. Features Responsive Layout 10 Regions Fluid layout Gradient color schemes CSS3 and HTML5 Mobile first...	https://www.drupal.org/project/triculin_responsive	https://git.drupalcode.org/project/triculin_responsive.git
57	2	7	shiv	Shiv	The Shiv theme is starting point of theme and site development. Shiv theme is sub-theme of "Beginning" theme. Theme is develop by Shivcharan Patil (Shiv) of shiv.work and itApplication.net. Theme...	https://www.drupal.org/project/shiv	https://git.drupalcode.org/project/shiv.git
58	2	8	ofed_cms_adminimal_theme	Openfed CMS Adminimal Theme	Subtheme of Adminimal for use in the Openfed distribution	https://www.drupal.org/project/ofed_cms_adminimal_theme	https://git.drupalcode.org/project/ofed_cms_adminimal_theme.git
59	2	9	physics	Physics - Bootstrap Material Design	Physics is a bootstrap based material design theme for Drupal 7. This theme takes the best bits from Fez Vrasta's Material design theme for Bootstrap 3, Material Design Lite and Google's Material...	https://www.drupal.org/project/physics	https://git.drupalcode.org/project/physics.git
60	2	10	dvg_abc	DvG ABC Theme	Simple base theme for the 'Drupal voor Gemeenten' distribution. Features (layout only) WCAG 2.0 AA WAI-ARIA HTML5 Fluid design (no pixel sizes, only em) Font-size ratio's based on breakpoints Major...	https://www.drupal.org/project/dvg_abc	https://git.drupalcode.org/project/dvg_abc.git
61	2	11	bilderblock	Bilderblock photo theme	bilderblock is a Drupal photo blog theme. Its main purpose is to provide a sensible, image-focused, maximally pluggable frontend to any standard-compliant Drupal site. Features Images first Teasers...	https://www.drupal.org/project/bilderblock	https://git.drupalcode.org/project/bilderblock.git
62	2	12	amptheme	AMP Theme	The AMP theme works together with the AMP module and AMP library to convert Drupal pages into pages that comply with the AMP standard. See links to documentation in the sidebar of this project....	https://www.drupal.org/project/amptheme	https://git.drupalcode.org/project/amptheme.git
63	2	13	flame	Flame	This is a simple responsive theme. Easily configurable theme	https://www.drupal.org/project/flame	https://git.drupalcode.org/project/flame.git
64	2	14	oa_basetheme	Open Atrium Base Theme	The BASE theme for Open Atrium 2. This theme is forked from oa_radix and uses the Radix theme updated to 3.1 and copied into oa_basetheme directly rather than trying to subtheme it. Submit an Issue...	https://www.drupal.org/project/oa_basetheme	https://git.drupalcode.org/project/oa_basetheme.git
65	2	15	auro	Auro	Synopsis Auro theme is a very flexible Drupal theme well suited for personal, portfolio, freelancers, entrepreneurs, food, travel, adventures, photography, fitness, corporate or any other awesome...	https://www.drupal.org/project/auro	https://git.drupalcode.org/project/auro.git
66	2	16	flat_zymphonies_theme	Flat Zymphonies Theme	Flat zymphonies theme is single page responsive theme. This theme suits for any type of personal website, corporate, business, marketing etc. This theme is completely free and contributed by...	https://www.drupal.org/project/flat_zymphonies_theme	https://git.drupalcode.org/project/flat_zymphonies_theme.git
67	2	17	sunrise	Sunrise	Sunrise is a responsive theme for bars, restaurants, cafés and similar businesses. It is based on the homonymous WP theme by Site 5, and has been ported to Drupal and is supported by More than ...	https://www.drupal.org/project/sunrise	https://git.drupalcode.org/project/sunrise.git
68	2	18	oa_theme	Open Atrium Theme	The main theme for Open Atrium 2. This theme is build upon the oa_basetheme base theme (which was inspired by oa_radix and based on the radix theme). This theme can be used as a guide or template...	https://www.drupal.org/project/oa_theme	https://git.drupalcode.org/project/oa_theme.git
69	2	19	fepper	Fepper	The Fepper theme for Drupal includes templates generated by the Fepper frontend prototyper as well as styles, scripts, and theme functions which build out the Drupal theme to match the look and...	https://www.drupal.org/project/fepper	https://git.drupalcode.org/project/fepper.git
70	2	20	glazed_free	"Glazed Free" Drupal Theme 2018	Glazed Theme is no longer actively maintained. We recommend users transition to DXPR Theme for a modern and feature-rich solution that supports responsive design and advanced customization options....	https://www.drupal.org/project/glazed_free	https://git.drupalcode.org/project/glazed_free.git
71	2	21	grand_zymphonies_theme	Grand zymphonies Theme	Grand zymphonies theme that will help you create a responsive website, It can support all modern browsers, mobile and tablets. This theme is completely free and contributed by Zymphonies team. Read...	https://www.drupal.org/project/grand_zymphonies_theme	https://git.drupalcode.org/project/grand_zymphonies_theme.git
72	2	22	aboutx	Aboutx	The theme is inspired by bootstrap freelancer theme. This is one page responsive website suitable for resume and creating personal website. Aboutx is a one page Bootstrap portfolio theme for...	https://www.drupal.org/project/aboutx	https://git.drupalcode.org/project/aboutx.git
73	2	23	parallax_zymphonies_theme	Parallax Zymphonies Theme	Parallax zymphonies theme is single page responsive theme. This theme suits for any type of personal website, corporate, business, marketing etc. This theme is completely free and contributed by...	https://www.drupal.org/project/parallax_zymphonies_theme	https://git.drupalcode.org/project/parallax_zymphonies_theme.git
74	2	24	whywebs_startup_theme	Startup Theme by WhyWebs	Startup theme by Whywebs	https://www.drupal.org/project/whywebs_startup_theme	https://git.drupalcode.org/project/whywebs_startup_theme.git
75	2	25	bootstrap_lite	Bootstrap lite - Backport of Backdrop bootstrap based theme	🇺🇦 This module is maintained by Ukrainian developers. Please consider supporting Ukraine in a fight for their freedom and safety of Europe. It's clean and minimal backdrop oriented bootstrap based...	https://www.drupal.org/project/bootstrap_lite	https://git.drupalcode.org/project/bootstrap_lite.git
76	3	1	uikit	UIkit	A lightweight and modular front-end framework for developing fast and powerful web interfaces. UIKit is a new revolutionary framework that took the light in July of 2013 as a result of solutions of...	https://www.drupal.org/project/uikit	https://git.drupalcode.org/project/uikit.git
77	3	2	pari	Pari	Pari theme is designed and developed by Drupar.com Pari is very light weight but very powerful and professional Drupal theme with modern look and feel. This theme is perfect for Business websites,...	https://www.drupal.org/project/pari	https://git.drupalcode.org/project/pari.git
78	3	3	multipurpose_corporate_theme	Multipurpose Corporate Theme	Multipurpose corporate theme is a modern-looking theme by ADCI Solutions. It can be used for professional business and corporate sites, portfolios, events promotions and more. The theme includes a...	https://www.drupal.org/project/multipurpose_corporate_theme	https://git.drupalcode.org/project/multipurpose_corporate_theme.git
79	3	4	simplyblue	Simply Blue	Simply Blue is simple, elegant and responsive Drupal theme. It can be used for blogs, small business, movies and variety of other websites. The theme was designed using flat elements for the header...	https://www.drupal.org/project/simplyblue	https://git.drupalcode.org/project/simplyblue.git
80	3	5	restaurant_seven	Restaurant Seven	The administration theme for Open Restaurant. This theme is part of	https://www.drupal.org/project/restaurant_seven	https://git.drupalcode.org/project/restaurant_seven.git
81	3	6	proudtheme	ProudTheme	A base theme with Bootstrap, the ProudCity Pattern Library and Radix. View the pattern library. More documentation to come.	https://www.drupal.org/project/proudtheme	https://git.drupalcode.org/project/proudtheme.git
82	3	7	flexible_zymphonies_theme	Flexible Zymphonies Theme	Flexible zymphonies theme is modern, clean and professionally crafted Drupal theme. It has one, two, three column layouts. This Theme suits for any type of corporate, business, marketing etc. This...	https://www.drupal.org/project/flexible_zymphonies_theme	https://git.drupalcode.org/project/flexible_zymphonies_theme.git
83	3	8	light_skeleton	Light Skeleton	Introduction Light Skeleton is a theme base on version of Skeleton v2. The goal of this project is trying to be as close as Skeleton v2 in the Drupal theme. Light Skeleton is a very lightweight...	https://www.drupal.org/project/light_skeleton	https://git.drupalcode.org/project/light_skeleton.git
84	3	9	bourbon	Bourbon	Bourbon theme implements the Bourbon library and the Neat grid framework. Why use bourbon and neat? Because you are building sites and not applications (collections of components). Bourbon and Neat...	https://www.drupal.org/project/bourbon	https://git.drupalcode.org/project/bourbon.git
85	3	10	velocity_theme	Velocity Theme	Coming soon...	https://www.drupal.org/project/velocity_theme	https://git.drupalcode.org/project/velocity_theme.git
86	3	11	obiba_bootstrap	OBiBa Bootstrap theme		https://www.drupal.org/project/obiba_bootstrap	https://git.drupalcode.org/project/obiba_bootstrap.git
87	3	12	stans_pals_mobile	Stans Pals Mobile	Stans Pals Mobile is a Subtheme of the Stans Pals. While both have dynamic scaling elements, Stans Pals Mobile focuses more on styling appropriate to a mobile site and a touch interface. The theme...	https://www.drupal.org/project/stans_pals_mobile	https://git.drupalcode.org/project/stans_pals_mobile.git
88	3	13	stans_pals	Stans Pals	Stans Pals is a Subtheme of the business theme, designed firstly to make the view a little less formal. Secondly to change the theme to have certain dynamic scaling elements to fit the size of the...	https://www.drupal.org/project/stans_pals	https://git.drupalcode.org/project/stans_pals.git
89	3	14	landing_page_theme	Landing Page Theme	Now we are working on website of Our Drupal Development Team. We would like to share our theme as simple one page solution that can provide one page anchor navigation out of box without complex...	https://www.drupal.org/project/landing_page_theme	https://git.drupalcode.org/project/landing_page_theme.git
90	3	15	lexus_zymphonies_theme	Lexus Zymphonies Theme	Lexus Zymphonies Theme is modern, clean and professionally crafted Drupal theme. It has one, two, three column layouts. This Theme suits for any type of corporate, business, marketing, design...	https://www.drupal.org/project/lexus_zymphonies_theme	https://git.drupalcode.org/project/lexus_zymphonies_theme.git
91	3	16	mbase	mbase	Mbase is Modern base theme for drupal 7 & 8. It's based on twitter bootstrap framework. Developed to make themers life easier. Themers can create quick layout, child themes are easily color-able,...	https://www.drupal.org/project/mbase	https://git.drupalcode.org/project/mbase.git
92	3	17	commerce_theme	Commerce Theme	Our Commerce theme is the best way for you to display and sell your products, whatever you sell. It is designed to help making your online selling fast, easy and inexpensive. The theme layout...	https://www.drupal.org/project/commerce_theme	https://git.drupalcode.org/project/commerce_theme.git
93	3	18	clean_corporate_theme	Clean Corporate Theme	Clean Corporate theme is a simple and clean multi-purpose theme by ADCI Solutions. It can be used for professional business and corporate sites, portfolios, and promotion of services. The theme is...	https://www.drupal.org/project/clean_corporate_theme	https://git.drupalcode.org/project/clean_corporate_theme.git
94	3	19	sevenplus	Seven +	I never had so much fun entering data." That comment is from a recent client meeting of mine. I put a lot of effort into making the content entry forms make sense. Actually, it's not that hard. It...	https://www.drupal.org/project/sevenplus	https://git.drupalcode.org/project/sevenplus.git
95	3	20	drumob	DruMob	Introduction DruMob is a mobile application theme. It is highly customizable Drupal based theme, allows you to insert mobile optimised toolbars, side menu and mobile header into your Drupal...	https://www.drupal.org/project/drumob	https://git.drupalcode.org/project/drumob.git
96	3	21	teka	Teka Theme	Teka is a Drupal theme built for performance, fast development and flexibility by MMDA. Its main purpose is to work as a sub-theme and to ease development by using Gulp tasks, sprite generation,...	https://www.drupal.org/project/teka	https://git.drupalcode.org/project/teka.git
97	3	22	multipurpose_zymphonies_theme	MultiPurpose Zymphonies Theme	MultiPurpose Zymphonies Theme is modern, clean and professionally crafted Drupal theme. It has one, two, three column layouts. This Theme suits for any type of corporate, business, marketing,...	https://www.drupal.org/project/multipurpose_zymphonies_theme	https://git.drupalcode.org/project/multipurpose_zymphonies_theme.git
98	3	23	color_glass	Color Glass	Color Glass is Bootstrap powered, Flat-color, Modern, responsive and color-able drupal template. It is not sub-theme of bootstrap, but borrowed most of the codes from it and other 2 templates and...	https://www.drupal.org/project/color_glass	https://git.drupalcode.org/project/color_glass.git
99	3	24	fly_flower	Fly Flower	Fly Flower is born from the idea of gentle and uplifting designing. Built on Bootstrap theme base so Fly Flower theme should good work on all devices such as desktop, laptop, tablet, phablet and...	https://www.drupal.org/project/fly_flower	https://git.drupalcode.org/project/fly_flower.git
100	3	25	everest	Everest	Drupal Theme	https://www.drupal.org/project/everest	https://git.drupalcode.org/project/everest.git
101	4	1	portfolio_zymphonies_theme	Portfolio Zymphonies Theme	Portfolio is a Drupal Responsive Theme for Creative, small Businesses, and other multi-purpose use. The theme includes number of rich features that you can use as a great boilerplate for your...	https://www.drupal.org/project/portfolio_zymphonies_theme	https://git.drupalcode.org/project/portfolio_zymphonies_theme.git
102	4	2	twentyfifteen	Twentyfifteen	The implementation of theme "Twenty Fifteen" for Drupal. Twenty Fifteen's simple, straightforward typography is readable on a wide variety of screen sizes, and suitable for multiple languages. We...	https://www.drupal.org/project/twentyfifteen	https://git.drupalcode.org/project/twentyfifteen.git
103	4	3	dynamic_news_lite	Dynamic News Lite	This is a port of the Wordpress Dynamic News Lite theme. Installation Make sure you have Zen installed as this theme is a sub-theme of zen.	https://www.drupal.org/project/dynamic_news_lite	https://git.drupalcode.org/project/dynamic_news_lite.git
104	4	4	himalaya	Himalaya	Himalaya is a simple, clean and responsive theme. The theme is not dependent on any core theme for Drupal 7 and for Drupal 8 it's use classy theme as a base theme. Its give you modern look and feel...	https://www.drupal.org/project/himalaya	https://git.drupalcode.org/project/himalaya.git
105	4	5	mini_zymphonies_theme	Mini Zymphonies Theme	Mini Zymphonies Theme is Zymphonies theme. This theme is not dependent on any core theme. It's very light weight with modern look and feel. Read more Demo Advanced Themes Features Maximum width...	https://www.drupal.org/project/mini_zymphonies_theme	https://git.drupalcode.org/project/mini_zymphonies_theme.git
106	4	6	startuply	Startuply	A Panopoly theme based on Radix, designed for new startup websites. The goal is to allow you to quickly launch something "good enough" which fits the general aesthetic of a tech startup. :-) It...	https://www.drupal.org/project/startuply	https://git.drupalcode.org/project/startuply.git
107	4	7	materializecss	Materialize Framework	A modern responsive front-end framework based on Material Design. Dependencies ------------ 1. Libraries API - The theme uses Libraries API to to store the Materialize.css code as an external...	https://www.drupal.org/project/materializecss	https://git.drupalcode.org/project/materializecss.git
108	4	8	strapped	Strapped	Sub theme of the twitter bootstrap theme providing a number of enhancements. Installation Instructions Install the bootstrap base theme and the strapped themes via drush. drush dl bootstrap...	https://www.drupal.org/project/strapped	https://git.drupalcode.org/project/strapped.git
109	4	9	neato	Neato	Please note, that the Neat grid is no longer maintained and that this Drupal theme is only minimally maintained. Neato is a lightweight Drupal base theme that lets you create a sub-theme based on...	https://www.drupal.org/project/neato	https://git.drupalcode.org/project/neato.git
110	4	10	micro_zymphonies_theme	Micro Zymphonies Theme	Micro Zymphonies Theme is Zymphonies theme. This theme is not dependent on any core theme. It's very light weight with modern look and feel. Read more Demo Advanced Themes Features Styled open...	https://www.drupal.org/project/micro_zymphonies_theme	https://git.drupalcode.org/project/micro_zymphonies_theme.git
111	4	11	appco_zymphonies_theme	Appco Zymphonies Theme	Appco Zymphonies Theme is Zymphonies theme. This theme is not dependent on any core theme. It's very light weight with modern look and feel. Read more Demo Advanced Themes Features Total 9 regions...	https://www.drupal.org/project/appco_zymphonies_theme	https://git.drupalcode.org/project/appco_zymphonies_theme.git
112	4	12	saeven	Saeven	What ? This is a simple responsive theme based on Seven from core and Omega. Why ? The theme was created because I needed a simple theme for Aegir. The name "Saeven" comes from a mix between Seven...	https://www.drupal.org/project/saeven	https://git.drupalcode.org/project/saeven.git
113	4	13	mobile_responsive_theme	Mobile Responsive Theme	Mobile responsive theme is clean, simple, and beautiful Drupal responsive theme. Theme Live Demo | Theme by Midlot Mobile responsive theme have responsive feature, supports mobile, tablet and...	https://www.drupal.org/project/mobile_responsive_theme	https://git.drupalcode.org/project/mobile_responsive_theme.git
114	4	14	bootstrap_agency	Bootstrap Agency	Bootstrap Agency is a port to Drupal 7 of the beautiful Agency one-page Boostrap-based theme from Start Bootstrap, based on the original Golden PSD freebie from Mathavan Jaya at FreebiesXpress....	https://www.drupal.org/project/bootstrap_agency	https://git.drupalcode.org/project/bootstrap_agency.git
115	4	15	minimalist_admin	Minimalist Admin	Minimalist Admin is a theme inspired by the LinkedIn blog post interface. It is clean, feels modern, and stays out of the way. Requirements Radix Recommended addons Drupal module: Responsive...	https://www.drupal.org/project/minimalist_admin	https://git.drupalcode.org/project/minimalist_admin.git
116	4	16	medical_zymphonies_theme	Medical Zymphonies Theme	Medical Zymphonies Theme is Zymphonies theme. This theme is not dependent on any core theme. It&#39;s very light weight with modern look and feel. Read more Demo Advanced Themes Features Medical...	https://www.drupal.org/project/medical_zymphonies_theme	https://git.drupalcode.org/project/medical_zymphonies_theme.git
117	4	17	farm_theme	Farm Theme	This module has been merged into farmOS. All future development will take place in https://www.drupal.org/project/farm. See [#2876992] Original description: The official theme for the farmOS...	https://www.drupal.org/project/farm_theme	https://git.drupalcode.org/project/farm_theme.git
118	4	18	wet4	Web Experience Toolkit 4 (wet_boew)	What is the Web Experience Toolkit (WET)? A front-end framework used to build accessible, mobile friendly, and multilingual websites. It is open source and led by the Government of Canada (http:/...	https://www.drupal.org/project/wet4	https://git.drupalcode.org/project/wet4.git
119	4	19	semanticui	Semantic UI	A theme based on the Semantic-UI library (authored by Jack Lukic). Semantic-UI empowers designers and developers by creating a language for sharing UI. It is structured around natural language...	https://www.drupal.org/project/semanticui	https://git.drupalcode.org/project/semanticui.git
120	4	20	photography_zymphonies_theme	Photography Zymphonies Theme	Photography zymphonies theme is a&nbsp;Zymphonies theme. This theme is not dependent on any core theme. It&#39;s very light weight with modern look and feel. Read more Live Demo Advanced Themes...	https://www.drupal.org/project/photography_zymphonies_theme	https://git.drupalcode.org/project/photography_zymphonies_theme.git
121	4	21	amazeui	Amaze UI	This theme is made for work with magic theme module, it maybe is a very special way, maybe it dirty, but maybe is excellent, Using it correctly, it will save you a lot of development time! it will...	https://www.drupal.org/project/amazeui	https://git.drupalcode.org/project/amazeui.git
122	4	22	html5_simplified	Html5 Simplified	It is a simple html5 based theme with a clean and neat user interface. This theme is responsive and is grid based. This theme will allow you to quickly develop a single page website. The theme by...	https://www.drupal.org/project/html5_simplified	https://git.drupalcode.org/project/html5_simplified.git
123	4	23	startupgrowth_lite	Startup Growth Lite	Startup Growth Lite is a free Bootstrap based Drupal theme and the core of our popular Premium Startup Growth theme distribution. Designed to help you create great-looking business websites, it...	https://www.drupal.org/project/startupgrowth_lite	https://git.drupalcode.org/project/startupgrowth_lite.git
124	4	24	pm_kickstart_theme	PM Kickstart Theme	A bootstrap based clean theme for PM Kickstart installation profile. Make sure you have Bootstrap 7.x-3.0 installed and enabled. Built in support for following contrib modules. 1.) Homebox 2.)...	https://www.drupal.org/project/pm_kickstart_theme	https://git.drupalcode.org/project/pm_kickstart_theme.git
125	4	25	esteem_responsive_theme	Esteem Responsive Theme	Esteem responsive theme is clean, simple, and beautiful drupal responsive theme. Theme by Midlot Esteem responsive theme have responsive feature, supports mobile, tablet and desktop. You can use...	https://www.drupal.org/project/esteem_responsive_theme	https://git.drupalcode.org/project/esteem_responsive_theme.git
126	5	1	united_zymphonies_theme	United Zymphonies Theme	United zymphonies theme is a&nbsp;Zymphonies theme. This theme is not dependent on any core theme. It&#39;s very light weight with modern look and feel. Read more Demo Advanced Themes Features...	https://www.drupal.org/project/united_zymphonies_theme	https://git.drupalcode.org/project/united_zymphonies_theme.git
127	5	2	gob_cl	gobCL	Theme designed for sites of the Chilean government. This Theme is based on the technical specifications published on the site KitDigital. Dependencies This Theme is a sub-theme of Omega 4. We also...	https://www.drupal.org/project/gob_cl	https://git.drupalcode.org/project/gob_cl.git
128	5	3	harmony_install_theme	Harmony Install Theme	A quick simple theme for use in the install process only. http://getharmony.io	https://www.drupal.org/project/harmony_install_theme	https://git.drupalcode.org/project/harmony_install_theme.git
129	5	4	da_vinci	Da Vinci	The easiest way to feel Drupal Da Vinci is a modern and powerful starter theme with component-based Sass and a mobile-first response. Accessible as a rule, it is standards compliant and you will...	https://www.drupal.org/project/da_vinci	https://git.drupalcode.org/project/da_vinci.git
130	5	5	windup	Windup	Windup is developed on Github Windup is a starter theme for Drupal. It's pretty light. It's made to be cloned and then hacked. The 7.x branch makes a good effort at removing a lot of Drupal 7's...	https://www.drupal.org/project/windup	https://git.drupalcode.org/project/windup.git
131	5	6	bootstrap_clean_blog	Bootstrap Clean Blog	Theme Information Clean blog is a carefully styled Bootstrap blog theme that is perfect for personal or company blogs. This theme features four HTML pages including a blog index, an about page, a...	https://www.drupal.org/project/bootstrap_clean_blog	https://git.drupalcode.org/project/bootstrap_clean_blog.git
132	5	7	pointnet_red_sun_responsive_theme	PointNet Red Sun	Drupal 8 I`ve converted this theme for Drupal 8, I made a new project because the new theme is based on Bootastrap 8.x: https://www.drupal.org/project/bootstrap_pointnet &nbsp; CONTENTS OF THIS...	https://www.drupal.org/project/pointnet_red_sun_responsive_theme	https://git.drupalcode.org/project/pointnet_red_sun_responsive_theme.git
133	5	8	metro_zymphonies_theme	Metro Zymphonies Theme	Metro Zymphonies theme is a&nbsp;Zymphonies theme. This theme is not dependent on any core theme. It&#39;s very light weight with modern look and feel. Read more Demo Advanced Themes Features HTML5...	https://www.drupal.org/project/metro_zymphonies_theme	https://git.drupalcode.org/project/metro_zymphonies_theme.git
134	5	9	bootstrap_instant	Bootstrap Instant	Theme Information Instant is a 3 pages theme created specially for freelancers wanting to showcase their work with a nice and minimal style. Comes with an index/portfolio page, an about page and a...	https://www.drupal.org/project/bootstrap_instant	https://git.drupalcode.org/project/bootstrap_instant.git
135	5	10	scholarly_lite	Scholarly Lite	Scholarly Lite is a free Bootstrap based Drupal theme and the core of the popular Premium Scholarly product, which helps you create a great looking education-oriented website. Scholarly Lite is...	https://www.drupal.org/project/scholarly_lite	https://git.drupalcode.org/project/scholarly_lite.git
136	5	11	noule	Noule	An admin theme designed for Kalvi. It can still be used as a general purpose admin theme like Bartik or Seven.	https://www.drupal.org/project/noule	https://git.drupalcode.org/project/noule.git
137	5	12	virgo_zymphonies_theme	Virgo Zymphonies Theme	Virgo zymphonies theme is a&nbsp;Zymphonies theme. This theme is not dependent on any core theme. It&#39;s very light weight with modern look and feel. Read more Demo Advanced Themes Features HTML5...	https://www.drupal.org/project/virgo_zymphonies_theme	https://git.drupalcode.org/project/virgo_zymphonies_theme.git
138	5	13	symphony_zymphonies_theme	Symphony Zymphonies Theme	Symphony zymphonies theme is Zymphonies theme. This theme is not dependent on any core theme. It&#39;s very light weight with modern look and feel. Read more Live Demo Advanced Themes Features Font...	https://www.drupal.org/project/symphony_zymphonies_theme	https://git.drupalcode.org/project/symphony_zymphonies_theme.git
139	5	14	starfish_responsive_theme	Starfish Responsive Theme	Startfish responsive theme is Zymphonies theme. This theme is not dependent on any core theme. Its very light weight with modern look and feel. Read more Demo Advanced Themes Features Font awesome...	https://www.drupal.org/project/starfish_responsive_theme	https://git.drupalcode.org/project/starfish_responsive_theme.git
140	5	15	garuda	Garuda	Garuda theme is a community initiative project from Drupal Indonesia.	https://www.drupal.org/project/garuda	https://git.drupalcode.org/project/garuda.git
141	5	16	designless	Designless	Bootstrap 3 theme with minimalistic design intended for personal blogs and other content centered sites. This is an official mirror for the Github project https://github.com/konstantin-komelin...	https://www.drupal.org/project/designless	https://git.drupalcode.org/project/designless.git
142	5	17	govbr_theme	GovBR theme	A responsive Bootstrap based theme with the default identity of the Federal Government of Brazil. Drupal 8 Bootstrap 4 SASS GovBR: https://www.drupal.org/project/bootstrap_govbr Requirements:...	https://www.drupal.org/project/govbr_theme	https://git.drupalcode.org/project/govbr_theme.git
143	5	18	fabist	Fabist Zen Sub Theme	Some Key Features of This Theme. -- It is Zen Sub Theme. -- Zen Theme should be installed to use this Theme. -- Install Zen Theme from this link https://www.drupal.org/project/zen -- Install Fabist...	https://www.drupal.org/project/fabist	https://git.drupalcode.org/project/fabist.git
144	5	19	pure_css	Yahoo Pure.CSS Framework	Yahoo Pure.CSS framework is an advanced responsive, mobile-first, HTML5, base-theme developed by Dr. Radut, with layout and style configuration options built in that you can easily control through...	https://www.drupal.org/project/pure_css	https://git.drupalcode.org/project/pure_css.git
145	5	20	bootpress	Bootpress	Bootpress is a standalone Drupal responsive theme. The theme is not dependent on base theme. Features Responsive support for all major browsers and screen-sizes Simple and Clean Design Drupal...	https://www.drupal.org/project/bootpress	https://git.drupalcode.org/project/bootpress.git
146	5	21	fusion_prosper	Fusion Prosper	Fusion Prosper is under new management and under active development! Fusion Prosper, formerly known as Acquia Prosper, is a sub-theme of Fusion. Styling Fusion Prosper includes all the incredible...	https://www.drupal.org/project/fusion_prosper	https://git.drupalcode.org/project/fusion_prosper.git
147	5	22	fusion_slate	Fusion Slate	Fusion Slate is under new management and under active development! Fusion Slate, formerly known as Acquia Slate, is a sub-theme of Fusion. Styling Fusion Slate includes all the incredible features...	https://www.drupal.org/project/fusion_slate	https://git.drupalcode.org/project/fusion_slate.git
148	5	23	fusion_marina	Fusion Marina	Fusion Marina is under new management and under active development! Fusion Marina, formerly known as Acquia Marina, is a sub-theme of Fusion. Styling Fusion Marina includes all the incredible...	https://www.drupal.org/project/fusion_marina	https://git.drupalcode.org/project/fusion_marina.git
149	5	24	cultura_bootstrap	Cultura Bootstrap	Cultura Bootstrap is a Bootstrap Subtheme built for use by live Cultura Exchanges and the main Cultura site. It features an uploadable banner (in addition to the uploadable logo), usernames that...	https://www.drupal.org/project/cultura_bootstrap	https://git.drupalcode.org/project/cultura_bootstrap.git
150	5	25	alpha_responsive_theme	Alpha Responsive Theme	Alpha&nbsp;responsive theme is a&nbsp;Zymphonies theme. This theme is not dependent on any core theme. It&#39;s very light weight with modern look and feel. Read more Demo Advanced Themes Features...	https://www.drupal.org/project/alpha_responsive_theme	https://git.drupalcode.org/project/alpha_responsive_theme.git
151	6	1	multipurpose	Multipurpose Theme	Multipurpose theme is an elegant and flat responsive Drupal theme design by Devsaran. This theme could easily be used for a blog, small business, portfolio or a variety of other websites. The theme...	https://www.drupal.org/project/multipurpose	https://git.drupalcode.org/project/multipurpose.git
152	6	2	cms_bootstrap3	CMS Bootstrap3	This theme is no longer actively maintained. We recommend users consider DXPR Theme for a more advanced and flexible theming solution. DXPR Theme offers extensive customization with over 200...	https://www.drupal.org/project/cms_bootstrap3	https://git.drupalcode.org/project/cms_bootstrap3.git
153	6	3	phoenix_responsive_theme	Phoenix Responsive Theme	Phoenix&nbsp;responsive theme is a&nbsp;Zymphonies theme. This theme is not dependent on any core theme. It&#39;s very light weight with modern look and feel. Read more Live Demo Advanced Themes...	https://www.drupal.org/project/phoenix_responsive_theme	https://git.drupalcode.org/project/phoenix_responsive_theme.git
154	6	4	gesso	Gesso	Gesso is a Sass-based, Webpack-based, and Storybook integrated accessible starter theme. Gesso (pronounced JEH-so) is an art term for the white paint mixture used to prepare a canvas or sculpture...	https://www.drupal.org/project/gesso	https://git.drupalcode.org/project/gesso.git
155	6	5	incubator_prograde	Incubator Prograde	Incubator prograde 1.x is a sub-theme of Omega 3, designed for use with the Baha'i Incubator distribution. As are all Omega 3 sub-themes, it is adaptive for different screen sizes and mobile...	https://www.drupal.org/project/incubator_prograde	https://git.drupalcode.org/project/incubator_prograde.git
156	6	6	bassline	Bassline	A simple reset theme that gives the themer total control of the output. Bassline is built in HTML5 with a reset stylesheet so it comes with no styling, the reason for this is so the themer can add...	https://www.drupal.org/project/bassline	https://git.drupalcode.org/project/bassline.git
157	6	7	ombak	Ombak	Ombak Theme by Node10 is a free responsive Drupal 8 theme based on Foundation Framework . Features Responsive. Search form in Top bar, can be toggle on/off from theme settings. Flexible multiple...	https://www.drupal.org/project/ombak	https://git.drupalcode.org/project/ombak.git
158	6	8	dts	DTS	Simple, clean, responsive theme based on Radix. Borrows inspiration from the architecture of San Francisco International Airport. Features Responsive Off-canvas menu Textures, colors, and icons...	https://www.drupal.org/project/dts	https://git.drupalcode.org/project/dts.git
159	6	9	wetkit_bootstrap	Web Experience Toolkit: Bootstrap (7.x)	A modern, component based and accessible theme powered by the Bootstrap base theme and integrated extensively with the WxT jQuery Framework. This module is part of the Web Experience Toolkit...	https://www.drupal.org/project/wetkit_bootstrap	https://git.drupalcode.org/project/wetkit_bootstrap.git
160	6	10	responsive_blog_theme	Responsive blog theme	Responsive blog theme is a modern cross browser/cross device theme for bloggers. Enjoy our clean and simple design. Post your thoughts and emotions together with your best pictures or drawings and...	https://www.drupal.org/project/responsive_blog_theme	https://git.drupalcode.org/project/responsive_blog_theme.git
161	6	11	lava	Lava	Lava theme is designed and developed by Drupar.com Lava is very light weight but very powerful and professional Drupal theme with modern look and feel. This theme is perfect for Business websites,...	https://www.drupal.org/project/lava	https://git.drupalcode.org/project/lava.git
162	6	12	devtrac7_theme	Devtrac7 theme	The base theme for Devtrac distribution and www.devtrac.org. Each of them have their own theme based on this theme. The theme is a subtheme of Omega 3.	https://www.drupal.org/project/devtrac7_theme	https://git.drupalcode.org/project/devtrac7_theme.git
163	6	13	execute_responsive_theme	Execute Responsive Theme	Execute&nbsp;responsive theme is a&nbsp;Zymphonies theme. This theme is not dependent on any core theme. It&#39;s very light weight with modern look and feel. Read more Demo Advanced Themes...	https://www.drupal.org/project/execute_responsive_theme	https://git.drupalcode.org/project/execute_responsive_theme.git
164	6	14	blogger_theme	Blogger theme	Blogger theme is a great looking Drupal 7 theme that has a very clean, sleek and minimal design yet it is still pretty modern and elegant looking. This theme has a very minimalistic design that is...	https://www.drupal.org/project/blogger_theme	https://git.drupalcode.org/project/blogger_theme.git
165	6	15	signage_theme	Signage Theme	The Signage Theme is the default base theme for the Signage distribution. The 7.x-1.x branch of Signage Theme is built off of the Boilerplate theme. Installation Download Signage Theme. Unpack the...	https://www.drupal.org/project/signage_theme	https://git.drupalcode.org/project/signage_theme.git
166	6	16	venture_theme	Venture Theme	Venture theme is an elegant and flat responsive Drupal theme design by Devsaran. This theme could easily be used for a blog, small business, portfolio or a variety of other websites. The theme was...	https://www.drupal.org/project/venture_theme	https://git.drupalcode.org/project/venture_theme.git
167	6	17	software_responsive_theme	Software Responsive Theme	Software responsive theme is a&nbsp;Zymphonies theme. This theme is not dependent on any core theme. It&#39;s very light weight with modern look and feel. Read more Live Demo Advanced Themes...	https://www.drupal.org/project/software_responsive_theme	https://git.drupalcode.org/project/software_responsive_theme.git
168	6	18	foundation_access	Foundation Access	This is a the base-theme for ELMS Learning Network which supports all MaterializeCSS css / js and is highly accessible. This project has been created as part of the ELMS initiative and was...	https://www.drupal.org/project/foundation_access	https://git.drupalcode.org/project/foundation_access.git
169	6	19	squid_pro	Squid Pro Theme	Myndsets Software Services releases its premium quality Drupal 7 theme to the Drupal community. Built on the powerful grid-based layout engine, Squid Pro Theme is very light weight for faster...	https://www.drupal.org/project/squid_pro	https://git.drupalcode.org/project/squid_pro.git
170	6	20	os_delta_responsive_business_theme	OS Delta - Drupal 7 business theme	OS Delta is new Drupal business theme designed by Ordasoft. This Drupal theme is fully responsive and fits to all screen sizes(like all our Drupal themes). Stylish awesome design and cool features...	https://www.drupal.org/project/os_delta_responsive_business_theme	https://git.drupalcode.org/project/os_delta_responsive_business_theme.git
171	6	21	syzygy	Syzygy	Syzygy is a Sass-based theme geared towards advanced themers who want a solid starting point that follows the Drupal 8 CSS architecture guidelines. This theme has been renamed to Gesso.	https://www.drupal.org/project/syzygy	https://git.drupalcode.org/project/syzygy.git
172	6	22	yellowed	Yellowed	Yellowed Theme ==================== Yellowed is a professional responsive theme, which is not dependent on any core theme. It is a very lightweight theme for fast loading with a modern look. -...	https://www.drupal.org/project/yellowed	https://git.drupalcode.org/project/yellowed.git
173	6	23	insha	Insha	Insha is a simple, clean and responsive theme. The theme is not dependent on any core theme. Its very light weight with modern look and feel. Features Responsive, Mobile-Friendly Theme HTML5 and...	https://www.drupal.org/project/insha	https://git.drupalcode.org/project/insha.git
174	6	24	restaurant_octal	Restaurant Octal	The responsive installation theme for the Restaurant Distribution, based on Octal. This module is part of the Restaurant Distribution which requires several modules and libraries. See the...	https://www.drupal.org/project/restaurant_octal	https://git.drupalcode.org/project/restaurant_octal.git
175	6	25	simplicity	Simplicity	Simplicity is a clean and simple theme developed for Campaignion. It is based on Morelesszen, and features: less support mobile menu responsive layout attractive form styling	https://www.drupal.org/project/simplicity	https://git.drupalcode.org/project/simplicity.git
176	7	1	morelesszen	Morelesszen	Morelesszen is a theme based on Zentropy but with less support. Includes matchMedia polyfills hammer.js mobilemenu javascript to enhance form styling (formstone) Works with respond.js modernizr...	https://www.drupal.org/project/morelesszen	https://git.drupalcode.org/project/morelesszen.git
177	7	2	octal	Octal	A base installation theme built with Radix.	https://www.drupal.org/project/octal	https://git.drupalcode.org/project/octal.git
178	7	3	semantic_ui_omega	Semantic UI Omega	Who is it for? Semantic UI Omega aims to combine flexibility of Omega theme & Semantic UI. While Omega is a key Theme in Drupal World , Semantic UI is rapidly getting popular and being used due to...	https://www.drupal.org/project/semantic_ui_omega	https://git.drupalcode.org/project/semantic_ui_omega.git
179	7	4	titon	Titon Toolkit	The Titon Framework is an extensible front-end HTML, CSS, and JavaScript user interface components for the responsive, mobile, and modern web. This is an implementation of the Titon Toolkit for...	https://www.drupal.org/project/titon	https://git.drupalcode.org/project/titon.git
180	7	5	thecompany_responsive_theme	TheCompany Responsive Theme	TheCompany&nbsp;responsive theme is a&nbsp;Zymphonies theme. This theme is not dependent on any core theme. It&#39;s very light weight with modern look and feel. Read more Demo Advanced Themes...	https://www.drupal.org/project/thecompany_responsive_theme	https://git.drupalcode.org/project/thecompany_responsive_theme.git
181	7	6	dc_scratch	DC scratch	DC scratch is a clean, simple, elegant, and beautiful Drupal 7 responsive theme designed for cross browser/cross device websites and is suitable for all types of websites; from corporate site to...	https://www.drupal.org/project/dc_scratch	https://git.drupalcode.org/project/dc_scratch.git
182	7	7	nuboot	NuBoot	Development and issue management moved to Github This theme is mirrored here from github.com/NuCivic/nuboot We are taking issues for this component in the dkan issue thread at github. We have a...	https://www.drupal.org/project/nuboot	https://git.drupalcode.org/project/nuboot.git
183	7	8	restaurant_radix	Restaurant Radix	Default base theme for Open Restaurant. This theme is part of	https://www.drupal.org/project/restaurant_radix	https://git.drupalcode.org/project/restaurant_radix.git
184	7	9	creative_responsive_theme	Creative Responsive Theme	Creative responsive theme is a Zymphonies theme. This theme is not dependent on any core theme. It&#39;s very light weight with modern look and feel. Read more Demo Advanced Themes Features HTML5 ...	https://www.drupal.org/project/creative_responsive_theme	https://git.drupalcode.org/project/creative_responsive_theme.git
185	7	10	omega_recycled	Omega Recycled	Recycled theme built with Omega4. Credits Designed by Chris Herberte Omega 4 — Base theme Updated to Omega 4/Drupal 7 by Andy Truong for ThanhKinhVietNgu.net	https://www.drupal.org/project/omega_recycled	https://git.drupalcode.org/project/omega_recycled.git
186	7	11	blogon_responsive_theme	Blogon Responsive Theme	Blogon responsive theme is a free Zymphonies theme. This theme is not dependent on any core theme. It is very light weight with modern look and feel. Read more Live Demo Advanced Themes Features...	https://www.drupal.org/project/blogon_responsive_theme	https://git.drupalcode.org/project/blogon_responsive_theme.git
187	7	12	skeletoncraft	SkeletonCraft	SkeletonCraft is a Responsive Drupal 7 theme that I have been using for a while on Minecraft related sites that I administer. I have gotten it to a point that I really like, and it's time to...	https://www.drupal.org/project/skeletoncraft	https://git.drupalcode.org/project/skeletoncraft.git
188	7	13	empty_theme	Empty theme	An empty, non-functional theme that can be used for things like testing.	https://www.drupal.org/project/empty_theme	https://git.drupalcode.org/project/empty_theme.git
189	7	14	radix_stanley	Radix Stanley	Radix Stanley is a theme coded by BlackTie and ported to Drupal. It is based on Radix. Radix Stanley is fully colorizable thanks to the Colorizer and Radix Colorizer modules. Drupal 8 Good news! We...	https://www.drupal.org/project/radix_stanley	https://git.drupalcode.org/project/radix_stanley.git
190	7	15	xtheme	xtheme	Xtheme is a light Sass and nodeJs based Drupal starter theme. This theme differentiate it's self by it simplicity and structure. It does not incorporate a grant list a features but rather embodies...	https://www.drupal.org/project/xtheme	https://git.drupalcode.org/project/xtheme.git
191	7	16	office_responsive_theme	Office Responsive Theme	Office&nbsp;responsive theme is a&nbsp;Zymphonies theme. This theme is not dependent on any core theme. It is very light weight with modern look and feel. Read more Live Demo Advanced Themes...	https://www.drupal.org/project/office_responsive_theme	https://git.drupalcode.org/project/office_responsive_theme.git
192	7	17	socrates	Socrates	Socrates is a Bootstrap sub-theme. It is a Drupal 7 theme, created as part of the OpenIdeal project but realesed as a standalone theme as well. Socrates was made for OpenIdeal OpenideaL is an idea...	https://www.drupal.org/project/socrates	https://git.drupalcode.org/project/socrates.git
193	7	18	bare	Bare	Bare is a base theme with very few assumptions. The purpose of this theme is to provide a skeleton sub-theme that can be expanded from core. This theme leverages SASS, through SCSS but makes no...	https://www.drupal.org/project/bare	https://git.drupalcode.org/project/bare.git
194	7	19	maps_theme_commerce	MaPS Commerce theme	This theme is used with the MaPS Commerce distribution, for the demonstration.	https://www.drupal.org/project/maps_theme_commerce	https://git.drupalcode.org/project/maps_theme_commerce.git
195	7	20	min	Min Theme	Min Theme is a responsive, single-column, minimalist theme for Drupal 7. Min is geared towards content creators who are looking for a lightweight blogging theme that requires relatively few...	https://www.drupal.org/project/min	https://git.drupalcode.org/project/min.git
196	7	21	led	Led	&nbsp; &nbsp; &nbsp; &nbsp; &nbsp; &nbsp; &nbsp; &nbsp; &nbsp; &nbsp; &nbsp; &nbsp; &nbsp; &nbsp; &nbsp; &nbsp; &nbsp; &nbsp; &nbsp; &nbsp; The idea and Realization: Rysevets M. Идея и Реализация:...	https://www.drupal.org/project/led	https://git.drupalcode.org/project/led.git
197	7	22	twbs_seven	TWBS Seven	twbs_seven	https://www.drupal.org/project/twbs_seven	https://git.drupalcode.org/project/twbs_seven.git
198	7	23	twbs_stark	TWBS Stark	The TWBS Stark theme is provided for demonstration purposes; it uses TWBS’s default HTML markup and CSS styles. It can be used as a troubleshooting tool to determine whether module-related CSS and...	https://www.drupal.org/project/twbs_stark	https://git.drupalcode.org/project/twbs_stark.git
199	7	24	corporate_agency	Corporate Agency	Corporate Agency is an elegant and flat Drupal theme design by Devsaran. This theme could easily be used for a blog, small business, portfolio or a variety of other websites. The theme was designed...	https://www.drupal.org/project/corporate_agency	https://git.drupalcode.org/project/corporate_agency.git
200	7	25	commerce_demo_store_theme	Commerce	Commerce is a clean, simple, elegant, and beautiful theme for Drupal Commerce Kickstart 2 Commerce is a responsive theme, and and works best for Commerce demo store Tested with the latest version...	https://www.drupal.org/project/commerce_demo_store_theme	https://git.drupalcode.org/project/commerce_demo_store_theme.git
201	8	1	webmate_responsive_theme	WebMate Responsive Theme	WebMate&nbsp;responsive theme is a&nbsp;Zymphonies theme. This theme is not dependent on any core theme. It&#39;s very light weight with modern look and feel. Read more Live Demo Advanced Themes...	https://www.drupal.org/project/webmate_responsive_theme	https://git.drupalcode.org/project/webmate_responsive_theme.git
202	8	2	zoey	Zoey Is Zen	This theme was created for the same reason that many sub-themes were originally created – to make our own lives easier through creating a better starting point for themes that we build. Others have...	https://www.drupal.org/project/zoey	https://git.drupalcode.org/project/zoey.git
203	8	3	bootstrap_business	Bootstrap Business	Introducing the reimagined Bootstrap Business for Drupal CMS, a ground-up rebuild of our beloved classic Drupal template, now redesigned for the modern web. Bootstrap Business is based on a design...	https://www.drupal.org/project/bootstrap_business	https://git.drupalcode.org/project/bootstrap_business.git
204	8	4	royal_olive	Royal Olive Theme	Built on the solid 960 Grid System, Royal Olive Theme is a slick premium Drupal 7 theme designed for your website to attract attention. Designed and developed by Myndsets Software Services in our...	https://www.drupal.org/project/royal_olive	https://git.drupalcode.org/project/royal_olive.git
205	8	5	katturai	Katturai Responsive	Katturai means Articles in Tamil Language. This is a simple responsive theme will fit more exactly for blogs. This theme has been built with Bootstrap framework version 3. Features Bootstrap...	https://www.drupal.org/project/katturai	https://git.drupalcode.org/project/katturai.git
206	8	6	locke	Locke	Locke is a Radix sub-theme taking advantage of the integration with the Panopoly Drupal distribution. Locke was created to be used as a starter theme for Open Academy, a Drupal distribution based...	https://www.drupal.org/project/locke	https://git.drupalcode.org/project/locke.git
207	8	7	civi_bartik	Civi Bartik	A wider, recolorable admin theme for CiviCRM based on Drupal Core's Bartik theme. This theme is to be used mainly for CiviCRM backend to get a clean/wider look of CiviCRM backend pages/form. How to...	https://www.drupal.org/project/civi_bartik	https://git.drupalcode.org/project/civi_bartik.git
208	8	8	bootstrap_panels	Bootstrap panels	Bootstrap theme integration with panels	https://www.drupal.org/project/bootstrap_panels	https://git.drupalcode.org/project/bootstrap_panels.git
209	8	9	naken	Naken	A progressive mobile first theme with modular scale typography and powerful grid-based layout engine. HTML 5 Responsive design (mobile-first) with configurable breakpoints. Defaults to 768, 960 and...	https://www.drupal.org/project/naken	https://git.drupalcode.org/project/naken.git
210	8	10	malinis	Malinis (Responsive Theme)	Malinis (Filipino word. English: Clean) is a progressive mobile first theme with modular scale typography, powerful grid-based layout engine and clean design. HTML 5 Responsive design (mobile-first...	https://www.drupal.org/project/malinis	https://git.drupalcode.org/project/malinis.git
211	8	11	hertz	Hertz	Hertz theme is designed and developed by Drupar.com Hertz is very light weight but very powerful and professional Drupal theme with modern look and feel. This theme is perfect for Business websites...	https://www.drupal.org/project/hertz	https://git.drupalcode.org/project/hertz.git
212	8	12	bootstrap_admin	Bootstrap Admin	This is an administrative sub-theme of the Drupal Bootstrap base theme. NOTE: This isn't a "full featured admin theme" yet. It's basically a simple sub-theme. Over time, certain features/style...	https://www.drupal.org/project/bootstrap_admin	https://git.drupalcode.org/project/bootstrap_admin.git
213	8	13	media_responsive_theme	Media Responsive Theme	Media&nbsp;responsive theme is a Zymphonies theme. This theme is not dependent on any core theme. It&#39;s very light weight with modern look and feel. Read more Demo Advanced Themes Features HTML5...	https://www.drupal.org/project/media_responsive_theme	https://git.drupalcode.org/project/media_responsive_theme.git
214	8	14	stack	Stack	The Stack theme for DrupalVietnam.org base on Omega theme.	https://www.drupal.org/project/stack	https://git.drupalcode.org/project/stack.git
215	8	15	parrot_styles	Parrot Styles	This is a Panels Styles plugin to give you some very cool things. More soon.	https://www.drupal.org/project/parrot_styles	https://git.drupalcode.org/project/parrot_styles.git
216	8	16	transparency	Transparency	Transparency is a simple and functional theme in gray and blue that runs on Drupal 7.x based on Omega 3.x and is written with SASS, this theme is used in Drupal distribution Open Politic....	https://www.drupal.org/project/transparency	https://git.drupalcode.org/project/transparency.git
217	8	17	berry	Berry	Berry theme is designed and developed by Drupar.com Berry is very light weight but very powerful Drupal theme with modern look and feel. This theme is perfect for Business websites, Corporate...	https://www.drupal.org/project/berry	https://git.drupalcode.org/project/berry.git
218	8	18	admiral	Admiral	Admiral is a Radix Based Full Width admin theme. Features Built on top of Radix Responsive Full width theme Responsive admin menu Quick menu search and switch Dependency Requires Radix base theme...	https://www.drupal.org/project/admiral	https://git.drupalcode.org/project/admiral.git
219	8	19	classic_blog	Classic Blog	Classic Blog is a great looking Drupal 7 theme that has a very clean, sleek and minimal design yet it is still pretty modern and elegant looking. This theme has a very minimalistic design that is...	https://www.drupal.org/project/classic_blog	https://git.drupalcode.org/project/classic_blog.git
220	8	20	bella	Bella	SUMMARY The Bella theme is designed to be more configurable and more user-friendly than most standard Drupal themes, with an emphasis on the "little things" that most themes lack. Some examples...	https://www.drupal.org/project/bella	https://git.drupalcode.org/project/bella.git
221	8	21	nexus	Nexus Theme	This module is unsupported due to a security issue the maintainer didn’t fix. If you want to use this module, your options are: Choose another, actively maintained module instead File an issue in...	https://www.drupal.org/project/nexus	https://git.drupalcode.org/project/nexus.git
222	8	22	naomi	Naomi	The base theme for the Open Aid Map distribution. Based on an original design by Naomi Menahem from SpatialDev. This theme requires Omega 3.x.	https://www.drupal.org/project/naomi	https://git.drupalcode.org/project/naomi.git
223	8	23	corporate_corp_theme	Corporate CORP	Corporate CORP theme is a Zymphonies theme. This theme is not dependent on any core theme. It&#39;s very light weight with modern look and feel. Read more Demo Advanced Themes Features HTML5 &amp;...	https://www.drupal.org/project/corporate_corp_theme	https://git.drupalcode.org/project/corporate_corp_theme.git
224	8	24	classic_theme	Classic Theme	Classic theme is a Zymphonies theme. This theme is not dependent on any core theme. It is very light weight with modern look and feel. Read more Live Demo Advanced Themes Features HTML5 &amp; super...	https://www.drupal.org/project/classic_theme	https://git.drupalcode.org/project/classic_theme.git
225	8	25	white	White	White is the color of fresh milk, snow, salt and sugar. White color most often associated with innocence, perfection, good, honesty, cleanliness, beginning, new, purity , lightness, equality,...	https://www.drupal.org/project/white	https://git.drupalcode.org/project/white.git
226	9	1	blue	Blue	Blue is the colour of the clear sky and the deep sea. I develop design of Blue Drupal theme into various blue color tones. Blue is a cool, powerful, clean, Responsive Drupal theme develop by...	https://www.drupal.org/project/blue	https://git.drupalcode.org/project/blue.git
227	9	2	wetkit_ember	Web Experience Toolkit: Ember	WetKit Ember is a ported Ember theme based on the work in the Spark initiative. Key Features Better integration with Views UI Use of SCSS StyleSheets Language Toggle in Administrative Form SMACSS...	https://www.drupal.org/project/wetkit_ember	https://git.drupalcode.org/project/wetkit_ember.git
228	9	3	meedjum	Meedjum	A simple and beautiful blog theme designed to look a lot like http://medium.com in Drupal. Live example: http://mikecr.it To use this theme, check out the Meedjum Blog distribution to make it...	https://www.drupal.org/project/meedjum	https://git.drupalcode.org/project/meedjum.git
229	9	4	rubix_responsive_theme	Rubix Responsive Theme	Rubix responsive theme is Zymphonies theme. This theme is not dependent on any core theme. It is very light weight with modern look and feel. Read more Live Demo Advanced Themes Features HTML5 &amp...	https://www.drupal.org/project/rubix_responsive_theme	https://git.drupalcode.org/project/rubix_responsive_theme.git
230	9	5	bootstrap_blue	Bootstrap Blue	Overview A Blue sub-theme for Bootstrap. Inspired by Fervens. This theme, although stable, is in its infancy. Please report bugs and expect frequent feature changes and updates. Features 100%...	https://www.drupal.org/project/bootstrap_blue	https://git.drupalcode.org/project/bootstrap_blue.git
231	9	6	biography	Biography	You can use this theme for developing site for portfolio, profile or curriculum vitae (résumé) or biography to highlighting various aspects of person's life. Theme is also useful for personal blog....	https://www.drupal.org/project/biography	https://git.drupalcode.org/project/biography.git
232	9	7	mundus	Mundus	Drupal 10 responsive theme built on top of Foundation 5. Features TBD Post-Installation TBD Additional Requirements TBD Similar projects TBD Supporting this Theme If you need customization please...	https://www.drupal.org/project/mundus	https://git.drupalcode.org/project/mundus.git
233	9	8	photo	Photo	Photo is a photography and multimedia theme with a full screen slideshow. Showcase your important work, imagination with full screen photo slider. Photo is Drupal theme for photographic...	https://www.drupal.org/project/photo	https://git.drupalcode.org/project/photo.git
234	9	9	wetkit_omega	Web Experience Toolkit: Omega	WetKit Omega 4.x is a modern, [Sass](http://sass-lang.com/) and [Compass](http://compass-style.org/) enabled Drupal 7 theme powered by the Omega base theme. Omega Key Features Backports many of the...	https://www.drupal.org/project/wetkit_omega	https://git.drupalcode.org/project/wetkit_omega.git
235	9	10	fluxtheme	fluxtheme	A theme for the fluxkraft distribution. Based on latest Omega 4.x. Follows Drupal 8 CSS Coding Standards whenever possible. Comes with some preconfigured panels layouts and tastes good with Panels...	https://www.drupal.org/project/fluxtheme	https://git.drupalcode.org/project/fluxtheme.git
236	9	11	zilch	0 Zilch	Zilch means zero. Zero in term of weight, color, image. Absolutely clean Drupal theme. Zilch Drupal theme places a focus on usability, legibility, readability and avoid Code bloat. Large text....	https://www.drupal.org/project/zilch	https://git.drupalcode.org/project/zilch.git
237	9	12	abc	ABC	The ABC theme is a modern and versatile design developed by Dr. Radut that brings a sleek and responsive aesthetic to your Drupal-powered website. With a focus on user experience and visual appeal,...	https://www.drupal.org/project/abc	https://git.drupalcode.org/project/abc.git
238	9	13	red	Red Theme	Red is the color of blood, rose, strawberries and hot. Red is commonly associated with danger, sacrifice, passion, fire, beauty, blood, anger, socialism and communism, and happiness. Read Drupal...	https://www.drupal.org/project/red	https://git.drupalcode.org/project/red.git
239	9	14	black	Black Theme	Black theme is for those people who love dark theme. Black Drupal theme is powerful, clean, table-less, dark, responsive theme develop by Shivcharan Patil (Shiv) from iTWeb.in Theme support for -...	https://www.drupal.org/project/black	https://git.drupalcode.org/project/black.git
240	9	15	fiddle	Fiddle	If you want a theme for your charity purpose, ST Fiddle is particularly suitable. This theme is one of the most downloaded free Drupal themes provided by Symphony Themes. We upload this theme to...	https://www.drupal.org/project/fiddle	https://git.drupalcode.org/project/fiddle.git
241	9	16	sea	Sea	Sea is important in moderating the Earth's climate, in providing food and oxygen, in its enormous diversity of life, and for transport. It covers over 70 % of the Earth's surface. I incorporate...	https://www.drupal.org/project/sea	https://git.drupalcode.org/project/sea.git
242	9	17	fortytwo	FortyTwo	The Answer to the Ultimate Question of Life, The Universe, and Everything, of course, is 42. The Answer to the Ultimate Question of Drupal theming, of course, is FortyTwo. A modern responsive base...	https://www.drupal.org/project/fortytwo	https://git.drupalcode.org/project/fortytwo.git
243	9	18	oa_radix	Open Atrium Radix	NOTE: This old theme is for backwards compatibility. Use oa_basetheme and/or oa_theme instead. Default theme for Open Atrium 2. A sub-theme of the Radix theme for Panopoly. Generating a Subtheme...	https://www.drupal.org/project/oa_radix	https://git.drupalcode.org/project/oa_radix.git
244	9	19	wetkit_rubik	Web Experience Toolkit: Rubik	WetKit Rubik is a Rubik sub-theme with columns and a couple of other nice enhancements. Key Features Better integration with core Overlay module Better integration with Views UI Extra icons for...	https://www.drupal.org/project/wetkit_rubik	https://git.drupalcode.org/project/wetkit_rubik.git
245	9	20	wetkit_shiny	Web Experience Toolkit: Shiny	A theme built exclusively for the Drupal Installer to provide a more visually appealing first impression. Key Features Custom installation theme Acknowledgements WetKit Shiny is based on the...	https://www.drupal.org/project/wetkit_shiny	https://git.drupalcode.org/project/wetkit_shiny.git
246	9	21	wetkit_adaptivetheme	Web Experience Toolkit: AdaptiveTheme	AdaptiveTheme for Drupal WEM. This module is part of the Web Experience Toolkit Distribution which requires several modules and libraries. See the WetKit project page for more information and file...	https://www.drupal.org/project/wetkit_adaptivetheme	https://git.drupalcode.org/project/wetkit_adaptivetheme.git
247	9	22	reset	Reset	We are currently working on a theme which you can use as base for new projects.	https://www.drupal.org/project/reset	https://git.drupalcode.org/project/reset.git
248	9	23	ofed_theme_cms	OpenFed CMS Theme	This is the administration theme of the OpenFed distribution. Limitations Only tested in the "OpenFed / Fast2web D7" distribution. Normally, it should work as a standalone but it was developed in...	https://www.drupal.org/project/ofed_theme_cms	https://git.drupalcode.org/project/ofed_theme_cms.git
249	9	24	ofed_theme_maintenance	OpenFed Maintenance Theme	This is the maintenance theme of the OpenFed distribution. Limitations Only tested in the "OpenFed / Fast2web D7" distribution. Normally, it should work as a standalone but it was developed in the...	https://www.drupal.org/project/ofed_theme_maintenance	https://git.drupalcode.org/project/ofed_theme_maintenance.git
250	9	25	flabiol	Flabiol	ST Flabiol is a free Drupal theme for business and organization purposes. It has a two column layout and three color options. The theme is responsive to mobile devices and availble in both Drupal 6...	https://www.drupal.org/project/flabiol	https://git.drupalcode.org/project/flabiol.git
251	10	1	bluez	Bluez	Bluez is a drupal based corporate look 960px fixed width theme. The theme is not dependent on any core theme. Its very light weight for fast loading with modern look. It covers, - Simple and clean...	https://www.drupal.org/project/bluez	https://git.drupalcode.org/project/bluez.git
252	10	2	elimai	Elimai	Elimai means Simplicity in Tamil Language. This is a simple responsive theme with minimum colors. This theme has been developed with the Twitter Bootstrap framework. Features Twitter Bootstrap...	https://www.drupal.org/project/elimai	https://git.drupalcode.org/project/elimai.git
253	10	3	bear_skin	Bear Skin (Pattern Lab Integrated)	Bear Skin is the default theme for the Bear starter profile, which is a profile to use as a starter kit when building a new site. Bear Skin does not rely on the profile, but can be used as a simple...	https://www.drupal.org/project/bear_skin	https://git.drupalcode.org/project/bear_skin.git
254	10	4	azhagu	Azhagu Responsive	Azhagu means beauty in Tamil language. This is a single and two-column responsive theme, compatible for desktops, tablets, phones and other devices. Features Responsive Layout. Mobile Friendly....	https://www.drupal.org/project/azhagu	https://git.drupalcode.org/project/azhagu.git
255	10	5	gratis	Gratis	A LibSass based responsive Drupal 8 theme Gratis is a modern, flat design, and responsive Drupal theme. It's developed and designed by Danny Englander (@Danny_Englander). Drupal 8 port of theme is...	https://www.drupal.org/project/gratis	https://git.drupalcode.org/project/gratis.git
256	10	6	ofed_theme_nerra	OpenFed Nerra	This is the default theme of the OpenFed distribution. Limitations Only tested in the "OpenFed / Fast2web D7" distribution. It should work as a standalone but it was developed in the scope of ...	https://www.drupal.org/project/ofed_theme_nerra	https://git.drupalcode.org/project/ofed_theme_nerra.git
257	10	7	themage	Themage	This theme contains standards-compliant HTML5 and CSS3 to generate beautiful and accessible web pages. Features include: Fully responsive pages that look great on any size screen. Short, simple,...	https://www.drupal.org/project/themage	https://git.drupalcode.org/project/themage.git
258	10	8	responsive_green	Responsive Green	Responsive Green is a professional responsive theme, which is not dependent on any core theme. It is a very lightweight theme for fast loading with a modern look. - Professional responsive theme -...	https://www.drupal.org/project/responsive_green	https://git.drupalcode.org/project/responsive_green.git
259	10	9	spade	Spade	The Spade theme provides Sprout specific enhancements to the rubik theme by way of a sub theme.	https://www.drupal.org/project/spade	https://git.drupalcode.org/project/spade.git
260	10	10	lexi_responsive_theme	Lexi Responsive Theme	Lexi responsive theme is Zymphonies theme. This theme is not dependent on any core theme. It&#39;s very light weight with modern look and feel. Read more Demo Advanced Themes Features HTML5 &amp;...	https://www.drupal.org/project/lexi_responsive_theme	https://git.drupalcode.org/project/lexi_responsive_theme.git
261	10	11	willibald	Willibald	A responsive theme for the website http://pirckheimer-gymnasium.de made with zen grids, based on drupal. Features Responsive design (uses ZEN grids) Tertiary menu Fancy drop down menu, suitable for...	https://www.drupal.org/project/willibald	https://git.drupalcode.org/project/willibald.git
262	10	12	beep_edition	Beep Edition	[From the maintainer: This project is no longer being maintained (and to be honest I think is too far out-of-date to be worth updating)] Beep Edition is designed from the ground up as a mobile...	https://www.drupal.org/project/beep_edition	https://git.drupalcode.org/project/beep_edition.git
263	10	13	impact_theme	Impact Theme	Impact Theme is a responsive multipurpose Drupal 7 theme. We have created the theme with a wide range of sites in mind. Impact Theme is an advance version of our popular theme Responsive Blog. We...	https://www.drupal.org/project/impact_theme	https://git.drupalcode.org/project/impact_theme.git
264	10	14	bootstrap_barrio	Barrio Bootstrap 5 Theme	Barrio is a Drupal - Bootstrap 5 Base Theme. Drupal markup is completely overwrite as standard Bootstrap 5 markup using from roots twig templates based on Single Directory Components referencing...	https://www.drupal.org/project/bootstrap_barrio	https://git.drupalcode.org/project/bootstrap_barrio.git
265	10	15	demonstratie	Demonstratie	A theme made for use with the Demo Framework installation profile. Why is it called Demonstratie? Because it's Belgian, like Drupal. Demonstratie is the Dutch word for Demonstration.	https://www.drupal.org/project/demonstratie	https://git.drupalcode.org/project/demonstratie.git
266	10	16	maps_admin	MaPS Admin	This is a responsive administration theme which purpose is to be used outside of overlays. This project is sponsored by MaPS System.	https://www.drupal.org/project/maps_admin	https://git.drupalcode.org/project/maps_admin.git
267	10	17	business_responsive_theme	Business Responsive Zymphonies Theme	Business responsive theme is the one of the popular Zymphonies theme. This theme is not dependent on any core theme. It is very lightweight with a modern look and feels. Read more Demo Advanced...	https://www.drupal.org/project/business_responsive_theme	https://git.drupalcode.org/project/business_responsive_theme.git
268	10	18	fruit_blossom	Fruit Blossom	Fruit Blossom is based on the two wonderful themes Delicious&nbsp;Fruit&nbsp;[D6] and Blossom&nbsp;[D6]. Two-columns Fixed width Pure CSS design (no tables) Here are the changes made in Fruit...	https://www.drupal.org/project/fruit_blossom	https://git.drupalcode.org/project/fruit_blossom.git
269	10	19	simplecorp	SimpleCorp	SimpleCorp for Drupal by More than (just) Themes is based on the SimpleCorp theme, which was designed and published by Site5. The SimpleCorp theme has been ported to Drupal and is supported by More...	https://www.drupal.org/project/simplecorp	https://git.drupalcode.org/project/simplecorp.git
270	10	20	professional_responsive_theme	Professional Responsive Theme	Professional Responsive Theme is Zymphonies theme. This theme is not dependent on any core theme. It is very light weight with modern look and feel. Read more Demo Advanced Themes Features HTML5 ...	https://www.drupal.org/project/professional_responsive_theme	https://git.drupalcode.org/project/professional_responsive_theme.git
271	10	21	corp	Corp / Corporate Theme	Corp / Corporate Theme for Drupal is a responsive theme built on clean HTML5 markup and extensible CSS classes and ID's for unlimited theming possibilities It has content first (top-down) load...	https://www.drupal.org/project/corp	https://git.drupalcode.org/project/corp.git
272	10	22	woodsman	Woodsman	Woodsman is an Omega 3.x subtheme designed to be a personal blog For installation instructions see the content of the readme below. README.txt ----------------------- Installation Instructions* To...	https://www.drupal.org/project/woodsman	https://git.drupalcode.org/project/woodsman.git
273	10	23	entity_iframe_theme	Entity iframe theme	This is an incredibly basic theme that is a fork of the Drupal core Stark theme. It has two main differences: There are no block regions outside of content so the layout is very simple There are no...	https://www.drupal.org/project/entity_iframe_theme	https://git.drupalcode.org/project/entity_iframe_theme.git
274	10	24	circle	Circle	Circle is a clean html5 base theme for Drupal 7. It takes some great ideas from Mothership, Zen and Omega themes and implements them in one single theme. It has almost no custom templates (so the...	https://www.drupal.org/project/circle	https://git.drupalcode.org/project/circle.git
275	10	25	insurance	Insurance Theme	Insurance Theme for Drupal is a responsive theme built on clean HTML5 markup and extensible CSS classes and ID's for unlimited theming possibilities. It has content first (top-down) load order for...	https://www.drupal.org/project/insurance	https://git.drupalcode.org/project/insurance.git
276	11	1	pets	Pets Theme	Pets Theme for Drupal is a Professional Responsive Theme for starting your website for your Pet or for your pet business on Drupal. It is a mobile friendly theme built on clean HTML5 markup and...	https://www.drupal.org/project/pets	https://git.drupalcode.org/project/pets.git
277	11	2	law	Law / Laywer Template	Law / Laywer Theme for Drupal is a Professional Responsive Theme for starting your Law business website on Drupal. It is a mobile friendly theme built on clean HTML5 markup and extensible CSS...	https://www.drupal.org/project/law	https://git.drupalcode.org/project/law.git
278	11	3	daycare	Daycare Template	Daycare / Playschool Theme for Drupal is a Professional Responsive Theme for starting your Day care website on Drupal. It is a mobile friendly theme built on clean HTML5 markup and extensible CSS...	https://www.drupal.org/project/daycare	https://git.drupalcode.org/project/daycare.git
279	11	4	pro	Professional Theme for Drupal	Pro / Professional Theme for Drupal is a responsive theme built on clean HTML5 markup and extensible CSS classes and ID's for unlimited theming possibilities It has content first (top-down) load...	https://www.drupal.org/project/pro	https://git.drupalcode.org/project/pro.git
280	11	5	dan	Day and Night	Day and Night is a responsive theme based on ZEN. Features Responsive design (uses ZEN grids) Tertiary menu Fancy drop down menu, suitable for big menu structures SCSS / SASS support Installation...	https://www.drupal.org/project/dan	https://git.drupalcode.org/project/dan.git
281	11	6	pm_vista	PM Vista	PM Vista is a sub theme for Omega PM Vista is being developed to make Project Management Module look good. PM Vista overrides few theme function used by PM module. Related Themes For D6 version of...	https://www.drupal.org/project/pm_vista	https://git.drupalcode.org/project/pm_vista.git
282	11	7	brand_seven	Brand Seven	Overview Brand Seven is an admin theme based on the Drupal core theme, Seven. It allows you to change the colours of the Seven theme to match your branding. You can also control some of the options...	https://www.drupal.org/project/brand_seven	https://git.drupalcode.org/project/brand_seven.git
283	11	8	modern_theme	Modern Theme	Modern&nbsp;theme is a&nbsp;Zymphonies theme. This theme is not dependent on any core theme. It&#39;s very light weight with modern look and feel. Read more Demo Advanced Themes Features HTML5 &amp...	https://www.drupal.org/project/modern_theme	https://git.drupalcode.org/project/modern_theme.git
284	11	9	business_theme	Business Theme	Business theme is a responsive Zymphonies theme. This theme is not dependent on any core theme. It is very light weight with modern look and feel. Read more Live Demo Advanced Themes Features HTML5...	https://www.drupal.org/project/business_theme	https://git.drupalcode.org/project/business_theme.git
285	11	10	hermes_theme	Hermes theme	Theme for the Hermes project.	https://www.drupal.org/project/hermes_theme	https://git.drupalcode.org/project/hermes_theme.git
286	11	11	xbartik	xBartik	Home of the Drupal 7 version of the Drupal 8 back-ported Bartik theme. Color support Same responsive layout as the Drupal 8 version Compared the the Drupal 8 version, xBartik will not have any new...	https://www.drupal.org/project/xbartik	https://git.drupalcode.org/project/xbartik.git
287	11	12	neptune	Neptune	Neptune is a responsive, HTML5 based, single or multi-column layout, Zen 7.x-5.x sub-theme. You can find an archived version of the demo site at Internet Archive. Features All the goodness of Zen 7...	https://www.drupal.org/project/neptune	https://git.drupalcode.org/project/neptune.git
288	11	13	flat_ui	Flat UI	A Drupal theme inspired by Designmodo's Flat UI. Built on top on Radix. Scss and Compass support Works with Panels and Panopoly.	https://www.drupal.org/project/flat_ui	https://git.drupalcode.org/project/flat_ui.git
289	11	14	plate	Plate	A responsive theme for the Restaurant Distribution. Dependencies Radix Radix Layouts	https://www.drupal.org/project/plate	https://git.drupalcode.org/project/plate.git
290	11	15	personal_blog	Personal Blog	Note: As of 2014-03-09, this project appears to no longer be supported. If you are interested in taking this module over, or you as the module maintainer feel this message has been posted in error,...	https://www.drupal.org/project/personal_blog	https://git.drupalcode.org/project/personal_blog.git
291	11	16	beauty_theme	Beauty Theme	Beauty Theme is a free blog and magazine Drupal theme created by Devsaran. This clean and modern theme is great for websites with a magazine, news, or blogging focus. The fully responsive design...	https://www.drupal.org/project/beauty_theme	https://git.drupalcode.org/project/beauty_theme.git
292	11	17	sirbones	Sir Bones	SirBones is the basic of basic themes. It has the most barebones possible unless you don't have a theme! A few commonly asked questions. Is SirBones HTML5? It certainly is my fellow friend! But it...	https://www.drupal.org/project/sirbones	https://git.drupalcode.org/project/sirbones.git
293	11	18	portal_theme	Portal Theme	THIS THEME IS ONLY FOR THE FOLLOWING THREE PAGES:(user/login) (user/register) and (user/password) This project comprises a very simple theme designed to accompany a particular use-case scenario....	https://www.drupal.org/project/portal_theme	https://git.drupalcode.org/project/portal_theme.git
294	11	19	erpal_theme	ERPAL Theme	This is the theme used in the ERPAL distribution More information on this d.o project to come. Stay tuned at http://erpal.info ! This project is developed by Bright Solutions. We also offer paid...	https://www.drupal.org/project/erpal_theme	https://git.drupalcode.org/project/erpal_theme.git
295	11	20	adelante	Adelante Theme	Adelante Theme is a very light-weight, CSS-based, tableless template, with 2 columns made by niGraphic Design. Try out a demonstration	https://www.drupal.org/project/adelante	https://git.drupalcode.org/project/adelante.git
296	11	21	tamal	Tamal	Tamal is a clean installation theme. This theme is ideal for distributions to present to end users a professional and fancy installation process. The Tamal theme is currently used by the...	https://www.drupal.org/project/tamal	https://git.drupalcode.org/project/tamal.git
297	11	22	md_foto	MD Foto	MD Foto is simple and clean photography Drupal theme. It comes with 2 skins: light and dark. You can also customize site background, photo overlay, text/typography, change sidebar position... with...	https://www.drupal.org/project/md_foto	https://git.drupalcode.org/project/md_foto.git
298	11	23	summer	Drupal Summer Holidays	Drupal Summer is a valid HTML5 & CSS3 based nice Drupal Theme. Coming with threaded comments and a couple of other useful settings and tested on major web browsers, Drupal Summer was originally...	https://www.drupal.org/project/summer	https://git.drupalcode.org/project/summer.git
299	11	24	cloudy	Cloudy	A mobile-first, reponsive base theme for the Recruiter distribution based on Omega 4.x. Cloudy uses SASS/Compass mixins and the fluid, semantic, responsive Susy grid to provide a slick out-of-the...	https://www.drupal.org/project/cloudy	https://git.drupalcode.org/project/cloudy.git
300	11	25	kalatheme	Kalatheme	Kalatheme is designed for people who want to get to work quickly so they can make things happen. Rapidly build responsive, mobile first Bootstrap 3 driven subthemes with our easy to use and one of...	https://www.drupal.org/project/kalatheme	https://git.drupalcode.org/project/kalatheme.git
301	12	1	baseless	BaseLESS HTML5 Core Theme	A base theme dependent on LESS CSS preprocessor for hardcore themers. This base theme gives you full control over your css, no more tons of css overriding, and write less css with lessphp. Features...	https://www.drupal.org/project/baseless	https://git.drupalcode.org/project/baseless.git
302	12	2	businesstime	BusinessTime	BusinessTime is clean, responsive HTML5 theme by NeptuneThemes that limits images and relies on CSS and CSS3 techniques for much of it's style. It has five levels of responsiveness: 1200px (Modern...	https://www.drupal.org/project/businesstime	https://git.drupalcode.org/project/businesstime.git
303	12	3	about	About	About is a theme that displays a single landing page with a photographic background, a brief amount of text, and links to various social media outlets. This theme is designed to take over your...	https://www.drupal.org/project/about	https://git.drupalcode.org/project/about.git
304	12	4	unary	Unary	A responsive administration theme based on Radix. Under active development. Dependencies Radix Screenshots	https://www.drupal.org/project/unary	https://git.drupalcode.org/project/unary.git
305	12	5	corkedscrewer	Corked Screwer	Corked Screwer by More than (just) Themes is based on the homonymous PSD template, which was designed and published by Vladimir Kudinov. Corked Screwer has been ported to Drupal and is supported by...	https://www.drupal.org/project/corkedscrewer	https://git.drupalcode.org/project/corkedscrewer.git
306	12	6	chef	Chef	A starter theme for the Restaurant Ditribution based on Radix. Dependencies Radix Radix Layouts	https://www.drupal.org/project/chef	https://git.drupalcode.org/project/chef.git
307	12	7	kands	KandS	KandS KandS is a Zen sub-theme with a heavy 19th-century influence. Features include: Webfont support through the theme settings page Custom splash image, also through the theme settings page...	https://www.drupal.org/project/kands	https://git.drupalcode.org/project/kands.git
308	12	8	acta_html5	Acta HTML5	Acta is Latin word. Acta means sea beach. Acta HTML5 theme integrate sea beach concept in design and built upon advance bleeding edge technology of HTML5 and CSS3. 'Acta HTML5' is a two column...	https://www.drupal.org/project/acta_html5	https://git.drupalcode.org/project/acta_html5.git
309	12	9	seed	SeeD Theme	This is the base theme we use at SeeD EM. It uses HTML5 markup, and tries to incorporate what we usually need when theming for Drupal. We see it as mostly a collection of hacks we need in order to...	https://www.drupal.org/project/seed	https://git.drupalcode.org/project/seed.git
310	12	10	sizzle	Sizzle	The default theme for Open Restaurant based on Radix. This theme is part of	https://www.drupal.org/project/sizzle	https://git.drupalcode.org/project/sizzle.git
311	12	11	seventeen	Seventeen	Seventeen is a sub-theme of Seven admin theme. It includes some UX and UI improvements.	https://www.drupal.org/project/seventeen	https://git.drupalcode.org/project/seventeen.git
312	12	12	pure	Pure	This is a base theme that is intended to support organization of assets and make development and maintenance of projects easier. Adds the ability to declare framework and conditional stylesheets in...	https://www.drupal.org/project/pure	https://git.drupalcode.org/project/pure.git
313	12	13	corporate_site	Corporate Site	This module is unsupported due to a security issue the maintainer didn’t fix. See Corporate Site - Critical - Unsupported - SA-CONTRIB-2018-032 for details. If you want to use this module, your...	https://www.drupal.org/project/corporate_site	https://git.drupalcode.org/project/corporate_site.git
314	12	14	zoundation	Zoundation	Zoundation is a base theme that integrates Foundation, responsive front-end framework authored by Zurb. This HTML5 responsive theme is built to support any device with any resolution and is built...	https://www.drupal.org/project/zoundation	https://git.drupalcode.org/project/zoundation.git
315	12	15	professional_pro	Professional Pro	Professional Pro is Zymphonies theme. This theme is not dependent on any core theme. It is very light weight with modern look and feel. Read more Demo Advanced Themes Features HTML5 &amp; super...	https://www.drupal.org/project/professional_pro	https://git.drupalcode.org/project/professional_pro.git
316	12	16	bamboo	Bamboo	A Responsive Drupal 7 Theme Bamboo is a responsive Drupal 7 theme designed and developed by Danny Englander (@Danny_Englander). Based on the CSS Skeleton Framework, it allows for a choice of...	https://www.drupal.org/project/bamboo	https://git.drupalcode.org/project/bamboo.git
317	12	17	tb_events	TB Events	This project is unsupported due to a licensing issue the maintainer didn’t fix. See [#2553875] for details. If you want to use this project your options are: Choose another, actively maintained...	https://www.drupal.org/project/tb_events	https://git.drupalcode.org/project/tb_events.git
318	12	18	fortyfour	FortyFour	Fortyfour theme is a work in progress. Our vision is for Fortyfour to become a starter theme for White House sites to encourage reusability of existing design assets and code and to provide a...	https://www.drupal.org/project/fortyfour	https://git.drupalcode.org/project/fortyfour.git
319	12	19	parrot	Parrot	The Parrot theme has moved to Github. Use our Github project for contributing code, or reporting bugs, or requesting features.	https://www.drupal.org/project/parrot	https://git.drupalcode.org/project/parrot.git
320	12	20	genesis_news	Genesis News Subtheme	Genesis News Subtheme Drupal 7 only You will need the Genesis 1.1 for Drupal 7 theme to be installed. Tested on Firefox 17 and IE 9 only. I'm just sharing if anyone is interested - especially for...	https://www.drupal.org/project/genesis_news	https://git.drupalcode.org/project/genesis_news.git
321	12	21	best_responsive	Best Responsive	Best Responsive theme is a responsive business Drupal theme created by Devsaran. This sleek minimal theme is perfect for businesses, portfolios, blogging, agencies, and more. This is an all around...	https://www.drupal.org/project/best_responsive	https://git.drupalcode.org/project/best_responsive.git
322	12	22	tb_palicico	TB Palicico	Note: As of 2018-07-25, this project appears to no longer be supported. If you are interested in taking this project over, or you as the project maintainer feel this message has been posted in...	https://www.drupal.org/project/tb_palicico	https://git.drupalcode.org/project/tb_palicico.git
323	12	23	tb_mollise	TB Mollise	This project is unsupported due to a licensing issue the maintainer didn’t fix. See [#2553885] for details. If you want to use this project your options are: Choose another, actively maintained...	https://www.drupal.org/project/tb_mollise	https://git.drupalcode.org/project/tb_mollise.git
324	12	24	tb_rave	TB Rave	Note: As of 2018-07-25, this project appears to no longer be supported. If you are interested in taking this project over, or you as the project maintainer feel this message has been posted in...	https://www.drupal.org/project/tb_rave	https://git.drupalcode.org/project/tb_rave.git
325	12	25	tb_hadelis	TB Hadelis	Note: As of 2018-07-25, this project appears to no longer be supported. If you are interested in taking this project over, or you as the project maintainer feel this message has been posted in...	https://www.drupal.org/project/tb_hadelis	https://git.drupalcode.org/project/tb_hadelis.git
326	13	1	tb_neris	TB Neris	Note: As of 2017-07-25, this project appears to no longer be supported. If you are interested in taking this project over, or you as the project maintainer feel this message has been posted in...	https://www.drupal.org/project/tb_neris	https://git.drupalcode.org/project/tb_neris.git
327	13	2	tb_methys	TB Methys	This project is unsupported due to a licensing issue the maintainer didn’t fix. See [#2553883] for details. If you want to use this project your options are: Choose another, actively maintained...	https://www.drupal.org/project/tb_methys	https://git.drupalcode.org/project/tb_methys.git
328	13	3	business_enterprises	Business Enterprises	Business enterprises theme is a&nbsp;Zymphonies theme. This theme is not dependent on any core theme. It&#39;s very light weight with modern look and feel. Read more Demo Advanced Themes Features...	https://www.drupal.org/project/business_enterprises	https://git.drupalcode.org/project/business_enterprises.git
329	13	4	boots	Boots	Boots is a set of themes based on Twitter Bootstrap: boots_core: Changes Drupal markup to match Bootstrap&#8217;s boots_grid: Sub-themes boots_core and implements the Bootstrap fluid grid bootstrap...	https://www.drupal.org/project/boots	https://git.drupalcode.org/project/boots.git
330	13	5	bootstrap	Bootstrap	Bootstrap 5 Bootstrap Theme revamped with Single Directory Components, Bootstrap 5, jQuery free. The theme is ready for Drupal 11 and will work only for 10.3+ core versions. Two subtheme options:...	https://www.drupal.org/project/bootstrap	https://git.drupalcode.org/project/bootstrap.git
331	13	6	prototype	Prototype	Prototype is a starterkit Drupal theme leveraging Single Directory Components. The goal of Prototype is to provide a solid foundation for Drupal theme development by establishing a pattern of well...	https://www.drupal.org/project/prototype	https://git.drupalcode.org/project/prototype.git
332	13	7	writer	Writer	Writer is a Blogging Theme for Developers Developers need a blogging theme that is stunningly simple and brings the reader's attention to the quality of their writings and their code. This theme...	https://www.drupal.org/project/writer	https://git.drupalcode.org/project/writer.git
333	13	8	elementary	Elementary	Overview Elementary is a super simple responsive theme ideal for blogs. About The main goal of Elementary is to be as simple as possible with a focus on written content above all else. Elementary...	https://www.drupal.org/project/elementary	https://git.drupalcode.org/project/elementary.git
334	13	9	bootstrap_framework	Bootstrap Framework	Note: This was a planned project page for the Twitter Bootstrap theme. It has instead moved to Bootstrap.	https://www.drupal.org/project/bootstrap_framework	https://git.drupalcode.org/project/bootstrap_framework.git
335	13	10	tweme	Tweme	Ultra lightweight Bootstrap 4 theme for Drupal 8. Live demo Open pre-configured sandbox.Click Launch sandbox and wait.Follow the installation (all settings should be pre-filled, don't change them)...	https://www.drupal.org/project/tweme	https://git.drupalcode.org/project/tweme.git
336	13	11	adminimal_theme	Adminimal - Responsive Administration Theme	Adminimal is the most popular contribute Administration Theme for Drupal Based on the original seven theme, adminimal has several improvements like: Modern minimalist design that makes...	https://www.drupal.org/project/adminimal_theme	https://git.drupalcode.org/project/adminimal_theme.git
337	13	12	dark_elegant	Dark Elegant	Dark Elegant is another beautiful and very powerful premium Drupal 7 theme created by Devsaran, specifically for corporate business and portfolio websites. Dark Elegant is a multipurpose Drupal...	https://www.drupal.org/project/dark_elegant	https://git.drupalcode.org/project/dark_elegant.git
338	13	13	fdt_yellow	FDT Yellow	FDT Yellow is a clean theme with a div based, fixed width, 2-column layout. It is designed and developed by Zyxware Technologies. This theme is based on 960 Grid System. The theme has been tested...	https://www.drupal.org/project/fdt_yellow	https://git.drupalcode.org/project/fdt_yellow.git
339	13	14	fdt_grey	FDT Grey	FDT Grey is a clean theme with a div based, fixed width, 2-column layout. It is designed and developed by Zyxware Technologies. This theme is based on 960 Grid System. The theme has been tested in...	https://www.drupal.org/project/fdt_grey	https://git.drupalcode.org/project/fdt_grey.git
340	13	15	twitter_bootstrap_panels_everywhere	Twitter bootstrap panels	This is fork of that project - http://drupal.org/project/twitter_bootstrap oriented to panels integration. Blocks related stuff willl be removed. Current version under active development and could...	https://www.drupal.org/project/twitter_bootstrap_panels_everywhere	https://git.drupalcode.org/project/twitter_bootstrap_panels_everywhere.git
341	13	16	ninesixtyrobots_omega	960 Robots Omega	This Omega sub-theme is based on the original 960 Robots theme, and uses Omega 3.x as its base theme. In order to use this theme, you will need to have the Omega theme installed on your site. The...	https://www.drupal.org/project/ninesixtyrobots_omega	https://git.drupalcode.org/project/ninesixtyrobots_omega.git
342	13	17	responsive_blog	Responsive Blog	Responsive Blog is a responsive multipurpose Drupal 7 theme. We have created the theme with a wide range of sites in mind. Overall Responsive Blog has a very clean and elegant design without much...	https://www.drupal.org/project/responsive_blog	https://git.drupalcode.org/project/responsive_blog.git
343	13	18	aura	Aura Theme	TODO	https://www.drupal.org/project/aura	https://git.drupalcode.org/project/aura.git
344	13	19	basement	Basement	Build your Drupal theme from scratch with the right tools ! Philosophy Basement is not a base theme. Basement is a tool to help you build your theme from scratch. Of course, you can download...	https://www.drupal.org/project/basement	https://git.drupalcode.org/project/basement.git
345	13	20	shiny	Shiny (Administration theme)	The admin theme used in Commerce Kickstart v2. Designed by Bojhan Somers and implemented by Aaron Dudenhofer. See http://bojhan.nl/revamping-drupal-commerces-ux for some background.	https://www.drupal.org/project/shiny	https://git.drupalcode.org/project/shiny.git
346	13	21	outreach	Outreach	Outreach is an adaptive, CSS-based, multi-column layout, recolorable theme that uses HTML5 and CSS3 and has drop-down menu support via Superfish. Outreach is an AdaptiveTheme 3.x subtheme that...	https://www.drupal.org/project/outreach	https://git.drupalcode.org/project/outreach.git
347	13	22	education	Education	This module is unsupported due to a security issue the maintainer didn’t fix. See Education - Critical - Unsupported - SA-CONTRIB-2018-036 for details. If you want to use this module, your options...	https://www.drupal.org/project/education	https://git.drupalcode.org/project/education.git
348	13	23	ishopping	iShopping	This module is unsupported due to a security issue the maintainer didn’t fix. See iShopping - Critical - Unsupported - SA-CONTRIB-2018-033 for details. If you want to use this module, your options...	https://www.drupal.org/project/ishopping	https://git.drupalcode.org/project/ishopping.git
349	13	24	hotel	Hotel	This module is unsupported due to a security issue the maintainer didn’t fix. See Hotel - Critical - Unsupported - SA-CONTRIB-2018-034 for details. If you want to use this module, your options are:...	https://www.drupal.org/project/hotel	https://git.drupalcode.org/project/hotel.git
350	13	25	creative	Creative Theme	Creative Theme is a very clean and modern business and portfolio Drupal 7 theme that is perfect for any small or large business website, corporate or portfolio. I have created this theme with a...	https://www.drupal.org/project/creative	https://git.drupalcode.org/project/creative.git
351	14	1	radix	radix	Radix is the original component-based theme for Drupal. It comes with Bootstrap 5, Sass, ES6, BrowserSync, BiomeJS built-in. &nbsp; &nbsp; Radix Documentation Read the comprehensive documentation...	https://www.drupal.org/project/radix	https://git.drupalcode.org/project/radix.git
352	14	2	ceafusion	ceafusion	Clean and simple Fusion subtheme. Fusion is a powerful base theme, with layout and style configuration options built in that you can control through Drupal's UI. It's based on a simplified 960px or...	https://www.drupal.org/project/ceafusion	https://git.drupalcode.org/project/ceafusion.git
353	14	3	freshgreen	Fresh Green	Fresh Green is a lightweight theme based on Omega, which means it is a responsive HTML5 theme. The theme has been conceived to be the theme of my personal blog but I've decided to open it....	https://www.drupal.org/project/freshgreen	https://git.drupalcode.org/project/freshgreen.git
354	14	4	business_blog	Business Blog	Business Blog is a Professional theme with clean layout and design make it very readable and pleasant to look at. This theme is designed and developed by Zyxware Technologies Notes: How to enable...	https://www.drupal.org/project/business_blog	https://git.drupalcode.org/project/business_blog.git
355	14	5	black_blog	Black Blog	Black Blog is a 2 column layout theme with a slide show developed and designed by Zyxware Technologies.This theme is based on 960 Grid System. Black Blog is well suited professional theme for...	https://www.drupal.org/project/black_blog	https://git.drupalcode.org/project/black_blog.git
356	14	6	corporate_blue	Corporate-Blue	Corporate blue theme is a super clean professional responsive theme built by Zyxware Technologies.This theme is based on the Bootstrap Responsive Framework. Difference between D8 and D7 version...	https://www.drupal.org/project/corporate_blue	https://git.drupalcode.org/project/corporate_blue.git
357	14	7	media_blue	Media Blue	Media Blue is a professional theme with a div based, fixed width, 3 column layout with a featured slideshow designed and developed by Zyxware Technologies.This theme is based on 960 Grid System....	https://www.drupal.org/project/media_blue	https://git.drupalcode.org/project/media_blue.git
358	14	8	black_lagoon	Black Lagoon	Black Lagoon is a clean theme with a div based, fixed width, 3-column layout. The home page has a provision for a sideshow block. It is designed and developed by Zyxware Technologies. The theme has...	https://www.drupal.org/project/black_lagoon	https://git.drupalcode.org/project/black_lagoon.git
359	14	9	metro	Metro Theme	[EN] Simple theme. Compatible with Metro Menus. [RU] Простая тема. Совместима с Metro Menus The idea and Realization: Rysevets M. Идея и Реализация: Рысевец М.	https://www.drupal.org/project/metro	https://git.drupalcode.org/project/metro.git
360	14	10	premium_corporate	Premium Corporate	Premium Corporate is a great looking Drupal 7 theme. The theme is not dependent on any core theme. Its very light weight with modern look and feel. Premium Corporate's clean layout and very minimal...	https://www.drupal.org/project/premium_corporate	https://git.drupalcode.org/project/premium_corporate.git
361	14	11	responsive_bartik	Responsive Bartik D7	This project is the D7 version of Bartik with a responsive, mobile-first layout. It is derived from this issue: [#1192044]; which is the D8 version. This project uses Drupal 8 Bartik Theming guide...	https://www.drupal.org/project/responsive_bartik	https://git.drupalcode.org/project/responsive_bartik.git
362	14	12	responsive_business	Responsive Business	Responsive Business is a responsive, feature-rich Drupal 7 theme which is perfect for any business, company, portfolio site that requires full mobile support and also wants a site that looks...	https://www.drupal.org/project/responsive_business	https://git.drupalcode.org/project/responsive_business.git
363	14	13	traction	Traction	Traction is a super-clean magazine theme with an easy to use featured block. Elegant and professional, it is perfect for a news, business, tech, or magazine site—with its dark, modern look it is...	https://www.drupal.org/project/traction	https://git.drupalcode.org/project/traction.git
364	14	14	business_yellow	Business Yellow	Business Yellow is a business style theme easy accessible and clean design with a professional outlook, div based, fixed width, three column layout. It is designed and developed by Zyxware...	https://www.drupal.org/project/business_yellow	https://git.drupalcode.org/project/business_yellow.git
365	14	15	business_lite	Business Lite	Business lite is a Professional Business Theme perfect for any business with a featured slide show. Business Lite is a wordpress theme created by CyberChimps. The drupal port was developed by...	https://www.drupal.org/project/business_lite	https://git.drupalcode.org/project/business_lite.git
366	14	16	hatch	Hatch	Hatch theme is a simple and minimal portfolio theme for photographers, illustrators, designers, or photobloggers. Hatch is a wordpress theme created by Griden. The drupal port was developed by...	https://www.drupal.org/project/hatch	https://git.drupalcode.org/project/hatch.git
367	14	17	platon	Platon	Platon is a HTML5, responsive and mobile-friendly theme. It is the default theme for the Opigno LMS distribution and includes many styles specifically for Opigno. Installation notes 7.3.x branch...	https://www.drupal.org/project/platon	https://git.drupalcode.org/project/platon.git
368	14	18	lightword	Lightword	This is a port of popular Lightword theme from wordpress. Lightword is a clean div based fixed width, 2 column layout theme with a an option to switch to a wider layout. The original wordpress...	https://www.drupal.org/project/lightword	https://git.drupalcode.org/project/lightword.git
369	14	19	likable	Likable Clean Theme	Likable Clean Theme is a clean, responsive, multi-column Drupal theme with many block regions and a slideshow ready for use. This theme is suitable for all types of websites, from corporate site to...	https://www.drupal.org/project/likable	https://git.drupalcode.org/project/likable.git
370	14	20	bthap	Base Theme for Highly Attractive People	Yeah, I know... Haters gonna hate. .-. '-' // _..---._/| .' ." '-. /__/ \ * ====_____ __| : /# #""" | /()\ : ..* |# # | \__/ : .'' \#___#____| / :::.. . \______________|_...‰_: .. '* () // /\||||))...	https://www.drupal.org/project/bthap	https://git.drupalcode.org/project/bthap.git
371	14	21	commons_origins	Commons Origins	This project has been merged into the main Drupal Commons repository with [#2009294]. For Drupal Commons 3.4 or higher, visit http://www.drupal.org/project/commons to download commons and use this...	https://www.drupal.org/project/commons_origins	https://git.drupalcode.org/project/commons_origins.git
372	14	22	elegant_blue	Elegant Blue	About Elegant Blue Theme ==================== Elegant Blue is a fixed width (940px) theme. The theme is not dependent on any core theme. Its very light weight for fast loading with modern look. -...	https://www.drupal.org/project/elegant_blue	https://git.drupalcode.org/project/elegant_blue.git
373	14	23	elegant_theme	Elegant Theme	Elegant Theme is a very modern and professional Drupal 7 theme giving your endless possibilities. It has a very clean, minimal and elegant design perfect for any corporate business, portfolio or...	https://www.drupal.org/project/elegant_theme	https://git.drupalcode.org/project/elegant_theme.git
374	14	24	transcribe_theme	Transcribr Theme	This theme is the backbone of the Transcription Distribution. It would be better for you to download the entire distribution, which includes the modules and install profile. The distribution is...	https://www.drupal.org/project/transcribe_theme	https://git.drupalcode.org/project/transcribe_theme.git
375	14	25	p6responsive	Project6 Responsive	Placeholder for the P6 Responsive theme. Description and the features will be posted as soon as it is production ready.	https://www.drupal.org/project/p6responsive	https://git.drupalcode.org/project/p6responsive.git
376	15	1	sigmaone	SigmaOne	Responsive HTM5 Drupal 7 Base Theme SigmaOne is an advanced theme framework for designed for novice user to advanced user. It provides easy to use configuration area GUI for novice user to use. The...	https://www.drupal.org/project/sigmaone	https://git.drupalcode.org/project/sigmaone.git
377	15	2	plato	Plato	What is it Plato is a sub-theme for Sasson (v2.x). It is a Drupal 7 theme, created as part of the OpenIdeal project but realesed as a standalone theme as well. Plato inherits all of Sasson goodness...	https://www.drupal.org/project/plato	https://git.drupalcode.org/project/plato.git
378	15	3	omega_nodemaker	Omega NodeMaker	Central base theme for the NodeMaker distribution, powered by Omega. This theme is meant to be subthemed and become a starting point for your own theme development that is a little more friendly...	https://www.drupal.org/project/omega_nodemaker	https://git.drupalcode.org/project/omega_nodemaker.git
379	15	4	omega_kickstart	Omega Kickstart	Central base theme for theme development on the Commerce Kickstart distribution, powered by Omega. This theme is meant to be subthemed and become a starting point for your own theme development...	https://www.drupal.org/project/omega_kickstart	https://git.drupalcode.org/project/omega_kickstart.git
380	15	5	sankofa	Sankofa	Sankofa is a clean, tableless, multi-column theme with a wide image slideshow ready for use. Features Multiple columns - 1, 2, and 3 Tableless design Ready to use slideshow Customizable social...	https://www.drupal.org/project/sankofa	https://git.drupalcode.org/project/sankofa.git
381	15	6	clean_theme	Clean Theme	Clean Theme is a great looking Drupal 7 theme that has a very clean and minimal design yet it is still pretty modern and elegant looking. This theme has a very minimalistic design that is ideal for...	https://www.drupal.org/project/clean_theme	https://git.drupalcode.org/project/clean_theme.git
382	15	7	xurxo	Xurxo	Overview Xurxo is a theme designed for radio stations websites. Features Responsive: Tested in tablets and mobile devices. SASS: All the css files are generated with sass :) Many regions: Header,...	https://www.drupal.org/project/xurxo	https://git.drupalcode.org/project/xurxo.git
383	15	8	flux	Flux	Flux is a spacious, style neutral theme that is easily branded with your custom logo and artwork. It is the default theme that ships with Pushtape. It extends the excellent Framework theme to...	https://www.drupal.org/project/flux	https://git.drupalcode.org/project/flux.git
384	15	9	zenstrap	Zenstrap	Zenstrap theme is based on the Zen theme and Twitter Bootstrap ( Components and Java Script ). The following is supported out-of-the-box Accordion Menus Message box can be closed Modal box for...	https://www.drupal.org/project/zenstrap	https://git.drupalcode.org/project/zenstrap.git
385	15	10	bh_bootstrap	BH Bootstrap Theme	This theme is obsolete. I suggest using the excellent Bootstrap theme instead. BH Bootstrap Theme for Drupal 7 This theme is a basic port of Twitter's Bootstrap development framework to Drupal 7....	https://www.drupal.org/project/bh_bootstrap	https://git.drupalcode.org/project/bh_bootstrap.git
386	15	11	ember	Ember	Ember is a responsive administration theme built for use with the Spark, Lightning, and Demo Framework distributions. Ember 7.x-2.0 alpha4is now available! The 7.x-2.0 alpha3 release resolves...	https://www.drupal.org/project/ember	https://git.drupalcode.org/project/ember.git
387	15	12	professional_theme	Professional Theme	Professional Theme is a very modern and professional FREE Drupal theme that is perfect for all sorts of corporate and small business websites. It comes with a very elegant and professional...	https://www.drupal.org/project/professional_theme	https://git.drupalcode.org/project/professional_theme.git
388	15	13	poultry	Poultry	A fluid-width, responsive Zen 7.x-5.x sub-theme developed for RedHen CRM. While designed for RedHen CRM, Poultry is a great choice for data-centric reporting interfaces that leverage tabular listings.	https://www.drupal.org/project/poultry	https://git.drupalcode.org/project/poultry.git
389	15	14	sonambulo	Sonambulo	Overview The very first idea is to have a theme that removed Drupal's unnecessary markup, focus on Mobile First. Sonambulo is a base theme for Drupal 6, with clean markup & CSS, simple and...	https://www.drupal.org/project/sonambulo	https://git.drupalcode.org/project/sonambulo.git
390	15	15	whitebull	Whitebull	Whitebull is a 3 column, clean, elegant, and include a wide image banner. Combination of soft color and good design, that make your website looks like a great website. Features: 1,2 or 3 column...	https://www.drupal.org/project/whitebull	https://git.drupalcode.org/project/whitebull.git
391	15	16	trotoar	Trotoar	Trotoar is simple base theme, with larger layout and many of regions. It based on 960px, and can work in drupal 6 and drupal 7. This base theme is very useful, make you easy to create a beautiful...	https://www.drupal.org/project/trotoar	https://git.drupalcode.org/project/trotoar.git
392	15	17	bluejems	Bluejems	BlueJems is simple web theme. For they who want a simple view, simple layout, simple color, and simple use. Combined with good color, that make this theme is good looking. Features : 1, or 2 column...	https://www.drupal.org/project/bluejems	https://git.drupalcode.org/project/bluejems.git
393	15	18	responsive	Premium Responsive	Premium Responsive Theme is a great looking Responsive Drupal 7 theme. It’s the fully responsive design. This theme comes in 4 distinct layouts so that it looks great not only on your regular...	https://www.drupal.org/project/responsive	https://git.drupalcode.org/project/responsive.git
394	15	19	subtle_simplicity	Subtle Simplicity	A Boron subtheme intended to be clean, simple and subtle. This theme is great for individual blogs. Special thanks to Subtle Patterns for the patterns used in this theme: Tim Ward's Brushed Alum...	https://www.drupal.org/project/subtle_simplicity	https://git.drupalcode.org/project/subtle_simplicity.git
395	15	20	mfirst	mfirst	The mfirst Drupal 7 theme is designed and developed with Mobile First in mind. CSS and JS are held to a minimum. Basic styles are larger with more contrast for the smaller screens of modern smart...	https://www.drupal.org/project/mfirst	https://git.drupalcode.org/project/mfirst.git
396	15	21	remote	Remote Theme	This is a port of the "Remote" design from BevelandEmboss Sponsored by	https://www.drupal.org/project/remote	https://git.drupalcode.org/project/remote.git
397	15	22	ded	ded	Drupal theme making heavy use of Twitter bootstrap (github). Twitter Bootstrap Theme vs Ded Theme Twitter Bootstrap Project uses less. The PHP less compiler has issues that the less javascript /...	https://www.drupal.org/project/ded	https://git.drupalcode.org/project/ded.git
398	15	23	black_premium	Black Premium	Black Premium Theme is a great looking Drupal 7 theme. As the name suggests this is pretty much an all-black theme that is meant to highlight photos and videos. You can also change some color...	https://www.drupal.org/project/black_premium	https://git.drupalcode.org/project/black_premium.git
399	15	24	thor	Thor	A responsive base theme, using Sass and Zen-grids. The colours file can be enabled on the them settings page.	https://www.drupal.org/project/thor	https://git.drupalcode.org/project/thor.git
400	15	25	havasu	Havasu	Havasu is a clean, bright theme for Drupal 7 that includes a built-in jQuery image slideshow. Havasu demo site Features A CSS-based, tableless theme Built-in image slideshow 1, 2 or 3 column layout...	https://www.drupal.org/project/havasu	https://git.drupalcode.org/project/havasu.git
401	16	1	company	Company Theme	Company Theme is a great looking Drupal 7 theme that has been designed to provide you with an elegant solution for your portfolio or business website. The theme features a really crisp and modern...	https://www.drupal.org/project/company	https://git.drupalcode.org/project/company.git
402	16	2	skeletontheme	Skeleton	Skeleton theme for Drupal by More than (just) Themes is a free responsive Drupal theme, built upon the Skeleton Boilerplate. It has been inspired by the excellent Skeleton Wordpress theme, which...	https://www.drupal.org/project/skeletontheme	https://git.drupalcode.org/project/skeletontheme.git
403	16	3	crisp	Crisp	This is a conversion of the "Crisp" photoshop design from bevelandemboss.net (defunt now) **Current Status (May 7, 2012)** There are a few other fixes left, but nothing urgent. There will also be...	https://www.drupal.org/project/crisp	https://git.drupalcode.org/project/crisp.git
404	16	4	sports_zone	Sports Zone	Sports Zone is a clean, beautiful, simple, easy to use theme for websites in the sporting industry. Live demo Features Simple and clean design. Drupal standards compliant. HTML Valid. Integration...	https://www.drupal.org/project/sports_zone	https://git.drupalcode.org/project/sports_zone.git
405	16	5	darkritual	Dark Ritual	A port of the Dark Ritual template and wordpress theme to Drupal. Sponsored by CrossFunctional	https://www.drupal.org/project/darkritual	https://git.drupalcode.org/project/darkritual.git
406	16	6	corporate	Simple Corporate	Simple Corporate is a great looking Drupal 7 theme. The theme is not dependent on any core theme. The bold and minimal design is perfect for any business, and the theme offers a variety of useful...	https://www.drupal.org/project/corporate	https://git.drupalcode.org/project/corporate.git
407	16	7	fresh	Fresh Theme	Fresh Theme is a great looking Drupal 7 theme. The theme is a great option for online blogs and magazines that want to present their news and information in an easy to follow, and aesthetically...	https://www.drupal.org/project/fresh	https://git.drupalcode.org/project/fresh.git
408	16	8	ginkgo	Ginkgo	Ginkgo is the default theme for Open Atrium 1.0. It is beautiful in it's simplicity and it's extensibility. It is meant to be used right out of the box, but if it is not for you liking it can also...	https://www.drupal.org/project/ginkgo	https://git.drupalcode.org/project/ginkgo.git
409	16	9	neelambal	Neelambal (நீலாம்பல்)	NEELAMBAL (நீலாம்பல்)is a simple and colourful theme based on 960 grid system. There are 8 different regions in this theme: - Header - Top menu (Primary links) - Sidebar left - Main content -...	https://www.drupal.org/project/neelambal	https://git.drupalcode.org/project/neelambal.git
410	16	10	tb_sirate	TB Sirate	This module is unsupported due to a security issue the maintainer didn’t fix. See https://www.drupal.org/sa-contrib-2018-035 for details. If you want to use this module, your options are: Choose...	https://www.drupal.org/project/tb_sirate	https://git.drupalcode.org/project/tb_sirate.git
411	16	11	tb_purity	TB Purity	Note: As of 2018-07-25, this project appears to no longer be supported. If you are interested in taking this project over, or you as the project maintainer feel this message has been posted in...	https://www.drupal.org/project/tb_purity	https://git.drupalcode.org/project/tb_purity.git
412	16	12	tb_blog	TB Blog	This project is unsupported due to a licensing issue the maintainer didn’t fix. See [#2553873] for details. If you want to use this project your options are: Choose another, actively maintained...	https://www.drupal.org/project/tb_blog	https://git.drupalcode.org/project/tb_blog.git
413	16	13	cogito	Cogito	Cogito is an HTML5 Drupal theme based on the foundation framework. It is designed to make the design workflow easier by providing a standardized CSS framework (Foundation, by ZURB) and building on...	https://www.drupal.org/project/cogito	https://git.drupalcode.org/project/cogito.git
414	16	14	zircon	Zircon	As simple and clean as the theme is, Zircon Drupal 7, 8 & 9 Theme features a clean and soft-styled design with smoothly flowing structure. This multipurpose themes is a good pick for a business,...	https://www.drupal.org/project/zircon	https://git.drupalcode.org/project/zircon.git
415	16	15	tb_simply	TB Simply	Note: As of 2018-07-25, this project appears to no longer be supported. If you are interested in taking this project over, or you as the project maintainer feel this message has been posted in...	https://www.drupal.org/project/tb_simply	https://git.drupalcode.org/project/tb_simply.git
416	16	16	inland	Inland	Requirements This theme is a sub-theme of Zen, hence you will need Zen downloaded as well in order to use this theme. Views Nivo Slider (option) will be required if you want a slider as featured in...	https://www.drupal.org/project/inland	https://git.drupalcode.org/project/inland.git
417	16	17	domicile_responsive	Domicile Retrofit	This theme was originally created for the Responsive Web Design workshop. It is a sub-theme of NineSixty and a retrofit of the theme Domicile. The aim of this theme is to show new themers how a few...	https://www.drupal.org/project/domicile_responsive	https://git.drupalcode.org/project/domicile_responsive.git
418	16	18	selecta	Selecta	Selecta for Drupal by More than (just) Themes is based on the Selecta theme for Wordpress, which was designed by Obox design. Selecta has been ported to Drupal and is supported by More than (just)...	https://www.drupal.org/project/selecta	https://git.drupalcode.org/project/selecta.git
419	16	19	green_worm	Green Worm	Clear and transparent template in green. There are 6 different regions in this theme: - Top menu (Primary links) - Sidebar right - Main content - 3 Footer Bottom Installation instructions: The...	https://www.drupal.org/project/green_worm	https://git.drupalcode.org/project/green_worm.git
420	16	20	hiya	Hiya	Hiya is a simple one/two column drupal 7 theme with the following features. based on 960.gs single or two columns based on sidebar uses CSS3 uses Google web fonts	https://www.drupal.org/project/hiya	https://git.drupalcode.org/project/hiya.git
421	16	21	biolife	Biolife	Concept: Biolife is a clean and modern Drupal 7.0 theme that can be a good option for a small business or service provider website. It is easily adjustable to fit different types of content, both...	https://www.drupal.org/project/biolife	https://git.drupalcode.org/project/biolife.git
422	16	22	fullon	Full On	Full On is a sub-theme for Sasson. What? It is a full-width theme containing a fluid grid system, max width of the grid is defined in the theme settings form while the full width wrappers will...	https://www.drupal.org/project/fullon	https://git.drupalcode.org/project/fullon.git
423	16	23	waterloo	Waterloo	Waterloo is a responsive, colourable theme that is designed to be easy to set up and customize. It is not meant to be all things to all people, but will hopefully be all things to some people :)...	https://www.drupal.org/project/waterloo	https://git.drupalcode.org/project/waterloo.git
424	16	24	fontfolio	FontFolio	This is a port to Drupal of FontFolio WordPress theme by Marios Lublinski. FontFolio is a Responsive showcase theme for designers, artists and craft persons. It presents full width/liquid grid...	https://www.drupal.org/project/fontfolio	https://git.drupalcode.org/project/fontfolio.git
425	16	25	cm_theme	Community Media Theme	The Community Media Theme is a sub-theme of the adaptive Omega theme aimed at community media center. This theme was derived from work done for Manhattan Neighborhood Network and refined by work...	https://www.drupal.org/project/cm_theme	https://git.drupalcode.org/project/cm_theme.git
426	17	1	navin	Navin Theme	Navin is the default theme included with the Open Enterprise distribution. It is a sub-theme of and requires the latest recommended release of Omega 7.x. Navin features an overall clean design and...	https://www.drupal.org/project/navin	https://git.drupalcode.org/project/navin.git
427	17	2	simpliste	Simpliste	Simplest solution for your simple tasks Simpliste is a very simple and easy to use HTML template for web projects where you only need to create one or couple of pages with simple layout. If you are...	https://www.drupal.org/project/simpliste	https://git.drupalcode.org/project/simpliste.git
428	17	3	aether	Aether	Aether is a responsive starter theme built with Sass & Compass. Using either fluid, fixed or hybrid responsive techniques, it has 5 breakpoints and uses the widest as the default. Aether has some...	https://www.drupal.org/project/aether	https://git.drupalcode.org/project/aether.git
429	17	4	letter	Letter	This is a very simple paper-on-wood theme for D7. It's based on photo of a piece of stationary on my own desk. The "paper" will match the length of your content and has a "torn" edge at the bottom....	https://www.drupal.org/project/letter	https://git.drupalcode.org/project/letter.git
430	17	5	frontmap	Frontmap	Frontmap is based on the Zen base theme and basically provides a single OpenLayers map on the front page. A specific OpenLayers map can be choosen on the theme settings page. See the Zen...	https://www.drupal.org/project/frontmap	https://git.drupalcode.org/project/frontmap.git
431	17	6	szdug	Drupal user group - Szeged	Summary Phase 1 - Done Create a DUG logo for our community. The logo's city font must be a free one, so that anyone able to customize it without license problems. Create black-and-white and small...	https://www.drupal.org/project/szdug	https://git.drupalcode.org/project/szdug.git
432	17	7	boilerplate	Boilerplate	Based on the excellent HTML5 Boilerplate template, this theme was built to be a lean responsive design base theme with heavy SASS support. Inspired by the Basic, Boron, Zen, Panopoly, and Sassy...	https://www.drupal.org/project/boilerplate	https://git.drupalcode.org/project/boilerplate.git
433	17	8	elms_themes	ELMS Themes	This is a bundling of the themes developed specifically for course websites in ELMS. While these themes will work on any drupal website they are being bundled together to allow for easier...	https://www.drupal.org/project/elms_themes	https://git.drupalcode.org/project/elms_themes.git
434	17	9	blacksea	Blacksea	A clean, contemporary theme by NeptuneThemes.com It was sponsored by Desponder.com, a culture magazine/blog. It's based on NeptuneThemes's own simple starter that we use internally for all of our...	https://www.drupal.org/project/blacksea	https://git.drupalcode.org/project/blacksea.git
435	17	10	ingrained	Ingrained	Ingrained is a two column responsive design with narrow (sidebar) content on the left and using the Omega base theme. Original design by Jozef Toth (www.mogdesign.eu), theme by Emma Jane and Design...	https://www.drupal.org/project/ingrained	https://git.drupalcode.org/project/ingrained.git
436	17	11	alloy	Alloy	A simple responsive subtheme for the base theme Fusion. Uses all of Fusion's default regions and adds a few extra CSS3-enhanced skins for blocks. Detailed README file includes instructions for...	https://www.drupal.org/project/alloy	https://git.drupalcode.org/project/alloy.git
437	17	12	business	Business	Business Theme is a great looking Drupal theme. The theme is not dependent on any core theme. It's very light weight with modern look and feel. Business's clean layout and light weight code make it...	https://www.drupal.org/project/business	https://git.drupalcode.org/project/business.git
438	17	13	boilerstrap	Boilerstrap	This project is not going to be continued as of now. I recommend using the Omega (http://www.drupal.org/project/omega) base theme. A base theme based off of Boilerstrap (http://www.github.com...	https://www.drupal.org/project/boilerstrap	https://git.drupalcode.org/project/boilerstrap.git
439	17	14	adaptic	adaptIC	adaptIC is a simple responsive theme. The ultimate goal for this theme is to create a clean starting point for someone to create their own responsive website without worrying about too many...	https://www.drupal.org/project/adaptic	https://git.drupalcode.org/project/adaptic.git
440	17	15	drupalcon_base	DrupalCon base theme	For DrupalCon sites hosted on Drupal.org. Depends on Drupal.org's configuration. Not recommended for use elsewhere. DrupalCon themes should be ready for any screen size.	https://www.drupal.org/project/drupalcon_base	https://git.drupalcode.org/project/drupalcon_base.git
441	17	16	splendio	Splendio	Splendio is a great looking Drupal 7 theme which is perfect for all sorts of bloggers and that includes a very unique and engaging design for your readers. If you are looking for a way to spice up...	https://www.drupal.org/project/splendio	https://git.drupalcode.org/project/splendio.git
442	17	17	mayumi	Mayumi	A progressive mobile first "feminine" theme with modular scale typography and powerful grid-based layout engine. HTML 5 Responsive design (mobile-first) with configurable breakpoints. Defaults to...	https://www.drupal.org/project/mayumi	https://git.drupalcode.org/project/mayumi.git
443	17	18	responsive_skeleton	Responsive Skeleton	Responsive Skeleton is a responsive and mobile friendly base theme, based on the Skeleton boilerplate. The goals of this theme are: Responsive Mobile Friendly Grid layout Light weight Easy to...	https://www.drupal.org/project/responsive_skeleton	https://git.drupalcode.org/project/responsive_skeleton.git
444	17	19	negosyante	Negosyante	Negosyante...now in version 2!!! Negosyante is a progressive mobile first "blue and grey" theme with modular scale typography and powerful grid-based layout engine. FEATURES HTML 5 Responsive...	https://www.drupal.org/project/negosyante	https://git.drupalcode.org/project/negosyante.git
445	17	20	groundwork	Groundwork	Presenting Groundwork version 2... A progressive mobile first front-end framework for Drupal with modular scale typography and powerful layout engine for faster and more effective web development....	https://www.drupal.org/project/groundwork	https://git.drupalcode.org/project/groundwork.git
446	17	21	cube	Cube	Cube is a clean admin theme for Drupal 7. It comes with several regions and layouts, a set of icons for admin pages provided by Drupal core and an aggressive styling to reduce visual noise wherever...	https://www.drupal.org/project/cube	https://git.drupalcode.org/project/cube.git
447	17	22	twentyeleven	Twenty Eleven	Twenty Eleven is based on wordpress' Twenty Eleven theme. Features Front page with choice of One column/ Two column layout CSS rules for Pages, Blog posts and Comments Drop down menus Configurable...	https://www.drupal.org/project/twentyeleven	https://git.drupalcode.org/project/twentyeleven.git
448	17	23	zebilla	Zebilla	A clean, tableless, multi-column Drupal theme. Multiple columns - 1, 2, and 3 Tableless design XHTML + RDFa validated Google web-fonts Customizable social media integration - Facebook, Twitter,...	https://www.drupal.org/project/zebilla	https://git.drupalcode.org/project/zebilla.git
449	17	24	drupalace	Drupalace Theme	Drupalace Theme is an ideal bright theme for the blogging site. Here is basic features: 11 regions for blocks (including node top and node bottom!) Configurable layout Social sharing of nodes Nodes...	https://www.drupal.org/project/drupalace	https://git.drupalcode.org/project/drupalace.git
450	17	25	p6_base	P6 Base	Project6 Base (p6_base) theme is meant to be used as a startup theme for your web projects. It comes with a sub-theme which should be the one to be used. Do not use the p6_base directly....	https://www.drupal.org/project/p6_base	https://git.drupalcode.org/project/p6_base.git
451	18	1	tej	Tej	Tej is a colorable subtheme of Omega, the responsive and highly configurable HTML5/960 grid base theme. Tej also supports right to left (RTL) languages (ex: Arabic). Features RTL support Highly...	https://www.drupal.org/project/tej	https://git.drupalcode.org/project/tej.git
452	18	2	storefront	Storefront	Although it's not required, this theme is made with the assumption that the site will be using Commerce. This theme will give a nice, clean design to a Commerce Kickstart installation out of the...	https://www.drupal.org/project/storefront	https://git.drupalcode.org/project/storefront.git
453	18	3	sasson	Sasson	Note - stay tuned, Sasson v3.x is going to be awesome. Download Now Read (and write) Documentation Sasson is a powerful tool-kit intended for advanced drupal theming, aiming at bringing the fun...	https://www.drupal.org/project/sasson	https://git.drupalcode.org/project/sasson.git
454	18	4	plasma	Plasma	Plasma is a Drupal 7 theme by Drupar. Plasma is a fixed width (980px) theme. The theme is not dependent on any core theme. Its very light weight for fast loading with modern look. 2 column. Multi...	https://www.drupal.org/project/plasma	https://git.drupalcode.org/project/plasma.git
455	18	5	theme01	Theme01	Gray colored, table based theme.	https://www.drupal.org/project/theme01	https://git.drupalcode.org/project/theme01.git
456	18	6	black_hole	Black Hole	The Black Hole theme is a modern and versatile design developed by Dr. Radut that brings a sleek and responsive aesthetic to your Drupal-powered website. With a focus on user experience and visual...	https://www.drupal.org/project/black_hole	https://git.drupalcode.org/project/black_hole.git
457	18	7	cea00	cea00 theme	cea00 is a simple and clean Framework based theme FEATURES Fixed width Table less Color schemas Top bar like social networks Configurable combo menu in top bar for logged users	https://www.drupal.org/project/cea00	https://git.drupalcode.org/project/cea00.git
458	18	8	eclean	eClean	The eClean theme is a responsive HTML5/CSS3 theme based on 1140 grid. It is built to work in most browsers, both in computers and smartphones and works fine as administration theme. Site...	https://www.drupal.org/project/eclean	https://git.drupalcode.org/project/eclean.git
459	18	9	stanley	Stanley Administration Theme	Development of the original Stanley admin theme has stopped. All efforts are now focussed on version 2. This new version does not use Twitter Bootstrap, nor does it use a base theme. The goal is to...	https://www.drupal.org/project/stanley	https://git.drupalcode.org/project/stanley.git
460	18	10	ice_business	ICE Business	ICE-Business is clean, simple, elegant, and beautiful theme for Drupal 6.x and Drupal 7.x This theme includes an image slideshow or photo slideshow feature on standard installation. ICE-Business is...	https://www.drupal.org/project/ice_business	https://git.drupalcode.org/project/ice_business.git
461	18	11	arti	Arti: minimal design, responsive theme	This theme is succeeded by DXPR Theme. DXPR Theme offers a modern, responsive, and highly customizable theming solution for Drupal, with extensive options for layouts, color schemes, and typography...	https://www.drupal.org/project/arti	https://git.drupalcode.org/project/arti.git
462	18	12	parish_theme	Parish Theme	The main theme for the Open Parish initiative. This theme is responsive, minimal and sleek, allowing parish websites to easily dive into the world of responsive and semantic HTML5 markup, using...	https://www.drupal.org/project/parish_theme	https://git.drupalcode.org/project/parish_theme.git
463	18	13	eco	Eco	It is an original Drupal theme developed for the http://klorofill.x90x.net website. The theme is a subtheme of the OM Base Theme, please do not forget to install it. Eco 7.x-2.18, 7.x-2.x-dev => OM...	https://www.drupal.org/project/eco	https://git.drupalcode.org/project/eco.git
464	18	14	fubik	Fubik	Fubik is a Rubik sub-theme with support for sidebars and a couple of other nice enhancements: Improved integration with Views UI Improved integration with core Overlay module Nice status messages...	https://www.drupal.org/project/fubik	https://git.drupalcode.org/project/fubik.git
465	18	15	zurb_foundation	ZURB Foundation	Do you like grid systems? How about rapid prototyping? Do you believe in mobile first? Then this theme is for you! Foundation is made by ZURB. This theme implements the Foundation framework for...	https://www.drupal.org/project/zurb_foundation	https://git.drupalcode.org/project/zurb_foundation.git
466	18	16	arctica	Arctica	This theme is no longer actively maintained. We recommend transitioning to DXPR Theme, which offers a modern, flexible solution for responsive and customizable Drupal websites. DXPR Theme provides...	https://www.drupal.org/project/arctica	https://git.drupalcode.org/project/arctica.git
467	18	17	opendeals_theme	Open Deals Theme	This is the theme that accompanied the Open Deals Distribution before it was made to work with Features. After the alpha4 release of OpenDeals Dristribution, this module is not needed anymore.	https://www.drupal.org/project/opendeals_theme	https://git.drupalcode.org/project/opendeals_theme.git
468	18	18	touch	Touch	Touch is a great looking Drupal 7 theme. The theme is not dependent on any core theme. Its very light weight with modern look and feel. Fixed width (980px). 3 column homepage layout Post thumbnail....	https://www.drupal.org/project/touch	https://git.drupalcode.org/project/touch.git
469	18	19	fbg	Fluid Baseline Grid	The Fluid Baseline Grid System is an HTML5 & CSS3 development kit that provides a solid foundation to quickly design websites with ease. I found this responsive grid system and thought it was a...	https://www.drupal.org/project/fbg	https://git.drupalcode.org/project/fbg.git
470	18	20	detamo	Detamo - Responsive fluid grids for Desktop, Tablet and Mobile.	A responsive base theme featuring three fluid grids. Grids are nominally 960 desktop, 640 tablet and 320 Mobile although each is fluid above and below the nominal width. The nominal column width...	https://www.drupal.org/project/detamo	https://git.drupalcode.org/project/detamo.git
471	18	21	lucid	Lucid	Lucid Main goal A responsive HTML5 theme as dynamic as any Drupal base theme. Javascript libraries needed for IE For the HTML5 markup and the responsive design (css media queries) to work properly...	https://www.drupal.org/project/lucid	https://git.drupalcode.org/project/lucid.git
472	18	22	golden_grid	Golden Grid	#D7AX - I pledge to make this theme as accessible as it can be. If you find any flaws, please submit an issue. Help me fix them if you can. Golden Grid is an HTML5 base theme implementation,...	https://www.drupal.org/project/golden_grid	https://git.drupalcode.org/project/golden_grid.git
473	18	23	austrofeedr_water	AustroFeedr Water	Water-theme for the AustroFeedr Hochwasser (Flooding) Use Case	https://www.drupal.org/project/austrofeedr_water	https://git.drupalcode.org/project/austrofeedr_water.git
474	18	24	ninesixtyfive	965	960gs + HTML5 = 965 !important - The SASS branch of 965 has a new home and is now called Sasson, check it out if you haven't already, we will keep here the pre-sass branch. 965 is a base theme for...	https://www.drupal.org/project/ninesixtyfive	https://git.drupalcode.org/project/ninesixtyfive.git
475	18	25	centurion	Centurion	Centurion is a Drupal template that is built using HTML5, and CSS3. It was initially designed to allow a website to auto-size to the browser. Using CSS3 media queries Centurion can auto-size from a...	https://www.drupal.org/project/centurion	https://git.drupalcode.org/project/centurion.git
476	19	1	at_commerce	AT Commerce	AT Commerce is fresh, professionally designed theme for eCommerce sites with baked in support for the Commerce module and Ubercart. Mobile eCommerce is supported using responsive design methods, so...	https://www.drupal.org/project/at_commerce	https://git.drupalcode.org/project/at_commerce.git
477	19	2	jbase5	jBase5	This is a theme for themers and includes the building blocks for your HTML5 theme. Usage This is a theme for themers and includes the building blocks for your HTML5 theme. This theme is designed to...	https://www.drupal.org/project/jbase5	https://git.drupalcode.org/project/jbase5.git
478	19	3	blossom_admin	Blossom (Seven sub-theme)	A sub-theme of the Seven admin theme. Blossom includes UI and UX improvements on top of Seven. It is the default admin theme used in Drupal Gardens.	https://www.drupal.org/project/blossom_admin	https://git.drupalcode.org/project/blossom_admin.git
479	19	4	footheme	Footheme	Footheme is a starter sub-theme for Corolla, Sky, Pixture Reloaded or AT Commerce - it fully supports the color module and the extensive theme settings featured in those themes. Footheme will also...	https://www.drupal.org/project/footheme	https://git.drupalcode.org/project/footheme.git
480	19	5	b2_nature	b2 Nature	A Drupal theme inspired by Nature itself :) It has a fixed width, supports drop down primary links, 1,2 or 3 column layouts tested in IE6, IE7, IE8, Firefox 2, Firefox 3, Safari 3.2 & Chrome. The...	https://www.drupal.org/project/b2_nature	https://git.drupalcode.org/project/b2_nature.git
481	19	6	b2_silly_clouds	b2 Silly Clouds	The theme has a fixed width, supports logo, drop down primary links, 1,2 or 3 column layouts tested in IE6, IE7, IE8, Firefox 2, Firefox 3, Safari 3.2 & Chrome. The base for the theme has been...	https://www.drupal.org/project/b2_silly_clouds	https://git.drupalcode.org/project/b2_silly_clouds.git
482	19	7	fold	Fold	Fold is a fixed width (980px) theme. The theme is not dependent on any core theme or module. Its very light weight with modern look. The theme support one / two / three column. Drop Down menu. 11+...	https://www.drupal.org/project/fold	https://git.drupalcode.org/project/fold.git
483	19	8	personal_site	Personal site	This theme is suitable for personal web pages with simple functionality, where the importance lies in presenting a person or even a smaller club.	https://www.drupal.org/project/personal_site	https://git.drupalcode.org/project/personal_site.git
484	19	9	impulsealpha	Impulse	Impulse is an easily customizable and light weight theme for Drupal 7.x,The main feature is you can edit the basic colors for your website like header,footer,links,sidebar,title and slogan color...	https://www.drupal.org/project/impulsealpha	https://git.drupalcode.org/project/impulsealpha.git
485	19	10	openomega	Open Omega	An Omega Subtheme for OpenPublic.	https://www.drupal.org/project/openomega	https://git.drupalcode.org/project/openomega.git
486	19	11	whitejazz	WhiteJazz	WhiteJazz is a theme for Drupal versions 5, 6, 7 and 8. The version 5 and 6 was created by RoopleTheme. I have taken this versions from RopleTheme and have made it ready for Drupal7/8. WhiteJazz is...	https://www.drupal.org/project/whitejazz	https://git.drupalcode.org/project/whitejazz.git
487	19	12	bealestreet	Beale Street	Beale Street is one of GPL theme by RoopleTheme. Beale Street is now Drupal 7 / 8 compatible. Beale Street Features 4 Built-In Color Styles - Beale Street comes with four beautiful built in color...	https://www.drupal.org/project/bealestreet	https://git.drupalcode.org/project/bealestreet.git
488	19	13	urban_view	Urban View	The Drupal Urban View theme is a port of a Wordpress theme by the same name. The theme is mostly complete, but I still have a few things that I want to fix to make it more user friendly and more...	https://www.drupal.org/project/urban_view	https://git.drupalcode.org/project/urban_view.git
489	19	14	vert	Vert	A simple theme designed to explore the NineSixty base theme with just enough PHP to make life interesting. This theme was used to build the (now mostly dismantled) election Web site for Emma Hogbin...	https://www.drupal.org/project/vert	https://git.drupalcode.org/project/vert.git
490	19	15	whiteboardframework	Whiteboard Framework	Whiteboard Framework is a responsive Drupal theme based on the Whiteboard Framework theme for WordPress. I wanted a Drupal theme with a responsive design that looked decent out of the box on both...	https://www.drupal.org/project/whiteboardframework	https://git.drupalcode.org/project/whiteboardframework.git
491	19	16	garland	Garland	Garland was removed from Drupal core as of Drupal 8 as part of the Platform Initiative. This project is meant as a fork of the Drupal core's version of Garland to keep Garland alive and kickin'....	https://www.drupal.org/project/garland	https://git.drupalcode.org/project/garland.git
492	19	17	twitter_bootstrap	Twitter's Bootstrap	The Twitter bootstrap theme is deprecated in favor of http://drupal.org/project/bootstrap, because of the renaming of the bootstrap framework. For more info about the name change: https://drupal...	https://www.drupal.org/project/twitter_bootstrap	https://git.drupalcode.org/project/twitter_bootstrap.git
493	19	18	simple7	Simple7	A simple theme that developers can use as a base for creating their own Drupal 7 themes. Although, there are many themes out there like this, most of them begin to get bloated as they mature and...	https://www.drupal.org/project/simple7	https://git.drupalcode.org/project/simple7.git
494	19	19	center	Center	Center is a base theme that aims to speed up the theming process by offering a starting point for building a custom theme and allowing easier access to CSS classes. Center is not for everyone, as...	https://www.drupal.org/project/center	https://git.drupalcode.org/project/center.git
495	19	20	openacadept_theme	OpenAcaDept Theme	Theme, required by OpenAcaDept, the distribution for building academic department websites.	https://www.drupal.org/project/openacadept_theme	https://git.drupalcode.org/project/openacadept_theme.git
496	19	21	easy_clean	Easy Clean	Easy Clean is a perfect multi-region base theme for those who loves to build up a website from scratch. It's very useful with complex layouts when you need to had full controll of each part of your...	https://www.drupal.org/project/easy_clean	https://git.drupalcode.org/project/easy_clean.git
497	19	22	idream	iDream theme for Drupal	This is a design ported from http://www.templatesnext.org by Marsian. This theme was developed for the http://gazdi.webuda.com website (as you can see on the screenshot) as a theme alternative for...	https://www.drupal.org/project/idream	https://git.drupalcode.org/project/idream.git
498	19	23	respond	Respond	Respond is a CSS3/HTML5 enhanced subtheme of Omega More Information Announcement on Development Geeks More information, including optimal setup instructions for fluid images, etc. will follow...	https://www.drupal.org/project/respond	https://git.drupalcode.org/project/respond.git
499	19	24	terrain	Terrain	A responsive starter theme based on Hexagon. Features: Fluid grid based on the 960 Grid System CSS Media queries for optimized design on smaller (and larger) screens Designed for use on mobile...	https://www.drupal.org/project/terrain	https://git.drupalcode.org/project/terrain.git
500	19	25	lc3_clean	lc3_clean	Features: Clean and smooth design Supports "lc_connector" module, styles module's pages and blocks correctly Built-in drop-down menu Sign-in form in a popup layer Optional Facebook and Twitter...	https://www.drupal.org/project/lc3_clean	https://git.drupalcode.org/project/lc3_clean.git
501	20	1	doune	Doune	Responsive HTML5 base theme using the Skeleton CSS grid system. Features Added "push-by-" and "pull-by-" responsive grid classes to Skeleton Includes Formalize CSS for form styling Integrates with...	https://www.drupal.org/project/doune	https://git.drupalcode.org/project/doune.git
502	20	2	nucleus	TB Nucleus	NUCLEUS is a base theme first released with Drupal 7 by ThemeBrain. The goal of this base theme is to provide a solid foundation for web development geeks to develop a theme quick and easy. Having...	https://www.drupal.org/project/nucleus	https://git.drupalcode.org/project/nucleus.git
503	20	3	academia	Academia	Academia is a clean and elegant theme focused on clarity and readability. It is suitable for informational sites with lots of text to convey to users. Clean and elegant Fixed width main column for...	https://www.drupal.org/project/academia	https://git.drupalcode.org/project/academia.git
504	20	4	steam	Steam	The theme bundled with the Discursive distribution. More info coming soon.	https://www.drupal.org/project/steam	https://git.drupalcode.org/project/steam.git
505	20	5	b2_drupal_plus	b2 Drupal Plus	Drupal Plus is a Google Plus inspired theme. It is a really clean and simple Drupal theme with few colors, easy to read, nice for web applications too. It has a fixed width, supports logo, drop...	https://www.drupal.org/project/b2_drupal_plus	https://git.drupalcode.org/project/b2_drupal_plus.git
506	20	6	velvetsky	Velvet Sky	Elegant & Classy theme, ideally for use on a Drupal Commerce website. Built for Wordpress by DapurPixel and ported to Drupal (and released as GPL under special permission) by Nicolas Borda (@ipwa)....	https://www.drupal.org/project/velvetsky	https://git.drupalcode.org/project/velvetsky.git
507	20	7	arras	Arras	This is a modified port of the Wordpress theme Arras to Drupal. It's not a complete port because some elements of Arras didn't translate well to Drupal so changes had to be made. This theme is...	https://www.drupal.org/project/arras	https://git.drupalcode.org/project/arras.git
508	20	8	liquid_coolness	Liquid Coolness	Liquid Coolness is a fluid-width sub-theme of Drupal 7's Bartik, the default core theme. Based on Coolness, a fixed-width version, it features cool subdued colors on a light neutral background....	https://www.drupal.org/project/liquid_coolness	https://git.drupalcode.org/project/liquid_coolness.git
509	20	9	corporateclean	Corporate Clean	Corporate Clean for Drupal CMS Introducing the reimagined Corporate Clean for Drupal CMS, a ground-up rebuild of our beloved classic Drupal template which was originally released more than 10 years...	https://www.drupal.org/project/corporateclean	https://git.drupalcode.org/project/corporateclean.git
510	20	10	pru8	PRU8	The PRU8 theme is focused on clean.valid.code. PRU8 is designed for ease of use for Drupal 7.x Features Multiple Columns 1, 2, or 3 1 Main content region 16 Regions to place content, blocks, views,...	https://www.drupal.org/project/pru8	https://git.drupalcode.org/project/pru8.git
511	20	11	coolness	Coolness	Coolness is a fixed-width sub-theme of Drupal 7's Bartik, the default core theme. It features cool subdued colors on a light neutral background. Most of Bartik’s other styles such as layout and...	https://www.drupal.org/project/coolness	https://git.drupalcode.org/project/coolness.git
512	20	12	talata	Talata	Talata is a clean, simple theme for Drupal 7. The goal is to create a theme that is simple, clean and can serve as a base for quickly creating your own theme. Here are some initial features:...	https://www.drupal.org/project/talata	https://git.drupalcode.org/project/talata.git
513	20	13	survivalkit	Survival Kit	When you design web sites in the browser you're left alone in the dark without any of your familiar design tools. By nature there's no application you can load up and start building your design....	https://www.drupal.org/project/survivalkit	https://git.drupalcode.org/project/survivalkit.git
514	20	14	photogenic	Photogenic	A simple theme designed to display photo galleries. NOTE: This is a Drupal theme and, as such, doesn't provide any photo gallery features - you must build or download a photo gallery yourself.	https://www.drupal.org/project/photogenic	https://git.drupalcode.org/project/photogenic.git
515	20	15	andromeda	Andromeda	The Andromeda theme is a slick and clean Drupal 7 theme. Features 1-column and 2-columns layout Drop down menu Support for slideshow and highlight (tagline, mission, ...etc) region Blog page...	https://www.drupal.org/project/andromeda	https://git.drupalcode.org/project/andromeda.git
516	20	16	metropolis	Metropolis	Metropolis is a Drupal theme that gave priority to sense and simplicity. Its suitable for all kinds of websites; from personal site, e-commerce site, to corporate site. Visit the Demo site. With...	https://www.drupal.org/project/metropolis	https://git.drupalcode.org/project/metropolis.git
517	20	17	profolio	Profolio	Profolio is a clean and neutral XHTML 1.0 Strict Drupal 7 theme. Features: Multiple columns Tableless design XHTML Strict 1.0 Up to 10 different block regions Browser Compatible: Firefox, Chrome,...	https://www.drupal.org/project/profolio	https://git.drupalcode.org/project/profolio.git
518	20	18	versatile	Versatile	Versatile is a base theme suitable for use with Panels Everywhere. It is targeted at user's who want to use Panels Everywhere and a base theme but does not want to be restricted by a grid system...	https://www.drupal.org/project/versatile	https://git.drupalcode.org/project/versatile.git
519	20	19	pop	Pop base theme	Pop is a clean, flexible HTML5 base theme built with standard practices from HTML5 Boilerplate, 320 and Up and Less Framework. Pop provides a responsible responsive design with a single adaptive...	https://www.drupal.org/project/pop	https://git.drupalcode.org/project/pop.git
520	20	20	basic_presentation	Basic Presentation	Basic Presentation is a port of a free HTML/CSS website template available designed by Andreas Viklund. It is another great minimal HTML/CSS template from Andreas, which ends up being a very clean...	https://www.drupal.org/project/basic_presentation	https://git.drupalcode.org/project/basic_presentation.git
521	20	21	urbansolice	Urban Solice	Theme overview: Urban Solice is a professionally designed, well-organized, Drupal 7 base theme. Urban Solice's neutral color scheme and clean layout make it an ideal theme for small or medium-sized...	https://www.drupal.org/project/urbansolice	https://git.drupalcode.org/project/urbansolice.git
522	20	22	cmyk	CMYK	CYMK is a minimalistic two-column fluid-width theme for Drupal 7. It is based around the CMYK color model and was designed for my personal blog. It acts as a subtheme of Bartik. Known problems As...	https://www.drupal.org/project/cmyk	https://git.drupalcode.org/project/cmyk.git
523	20	23	boldy	Boldy	Boldy for Drupal is based on the WordPress' Boldytheme, which was designed designed in-house by Site5 for its range of FREE premium WordPress themes!. Live Demos Original Wordpress Live Demo by...	https://www.drupal.org/project/boldy	https://git.drupalcode.org/project/boldy.git
524	20	24	mojo	Mojo	A starter theme geared towards advanced themers who want a solid starting point without extraneous Drupal markup. Check out the Mojo Handbook for more details. The main goals of the Mojo theme are:...	https://www.drupal.org/project/mojo	https://git.drupalcode.org/project/mojo.git
525	20	25	contented5	Contented5	This is a re-implementation of the Contented5 theme by Tom Rowan. This is a tableless, multi-column, fluid width layout. Parts of the design are ported from Contented7, Internet Services and...	https://www.drupal.org/project/contented5	https://git.drupalcode.org/project/contented5.git
526	21	1	livethemer_base	Livethemer Base	The Livethemer Base theme is the preferred theme for the Livethemer module (http://drupal.org/project/livethemer). All Livethemer collections and most variations are designed to work with the...	https://www.drupal.org/project/livethemer_base	https://git.drupalcode.org/project/livethemer_base.git
527	21	2	openpublic_eu	Open Public EU	This is an additional theme for Open Public	https://www.drupal.org/project/openpublic_eu	https://git.drupalcode.org/project/openpublic_eu.git
528	21	3	touchpro	TouchPro	This theme is succeeded by https://www.drupal.org/project/dxpr_theme TouchPro: The free premium drupal theme. TouchPro is a magazine-style Drupal theme optimized for touchscreen devices. Authored...	https://www.drupal.org/project/touchpro	https://git.drupalcode.org/project/touchpro.git
529	21	4	lightweight	Lightweight	Lightweight is a simple base theme that's a blank slate with left or right sidebar. The original lightweight which was my internal base theme for D6 had no images whatsoever and very little CSS,...	https://www.drupal.org/project/lightweight	https://git.drupalcode.org/project/lightweight.git
530	21	5	gordon	Gordon	Gordon is a three column, tableless layout theme sponosored by Premium CMS Themes. Features CSS3 support Compatible with IE6+ You can enable alert message for older browser Optimal layout for site...	https://www.drupal.org/project/gordon	https://git.drupalcode.org/project/gordon.git
531	21	6	ellington	Ellington	Ellington is a two column, tableless layout theme sponosored by Premium CMS Themes. Features CSS3 support Compatible with IE6+ You can enable alert message for older browser Optimal layout for site...	https://www.drupal.org/project/ellington	https://git.drupalcode.org/project/ellington.git
532	21	7	dartik	Dartik	Dartik is a dark version and a sub-theme of Bartik - Drupal 7 core's default theme. It is basically an override of all color styles from Bartik leaving all other styles untouched, to be inherited...	https://www.drupal.org/project/dartik	https://git.drupalcode.org/project/dartik.git
533	21	8	plink	Plink	Plink is a starter theme for developers looking for modern browser advantages while still supporting legacy browsers. Plink will offer a number of configuration options that will allow developers...	https://www.drupal.org/project/plink	https://git.drupalcode.org/project/plink.git
534	21	9	clean_blockify	Clean Blockify	This is a Clean theme sub-theme for use with Blockify module. Usage You can chain your themes like so: Clean &lt;- Clean Blockify &lt;- Custom Theme All you need to do is set the following in your...	https://www.drupal.org/project/clean_blockify	https://git.drupalcode.org/project/clean_blockify.git
535	21	10	jalapeno	The Jalapeno MDB	The Jalepeno MDB, a ready to go D7 theme from Dreamleaf Media, part of a series of functional, easy to use themes targeted for Drupal users that want something that 'just works', without the whut!....	https://www.drupal.org/project/jalapeno	https://git.drupalcode.org/project/jalapeno.git
536	21	11	glassical	Glassical	Glassical is a GPL Wordpress theme of the same name that was released by Smashing Magazine and created by Abdullah Ibrahim originally. I have converted Glassical to a Drupal 6 theme. Don't worry, I...	https://www.drupal.org/project/glassical	https://git.drupalcode.org/project/glassical.git
537	21	12	acme	Acme	This project is no longer supported. Overview Acme is the theme which students built during some old theming training workshops led by David Needham at Chapter Three. The current 7.x-2.0 release is...	https://www.drupal.org/project/acme	https://git.drupalcode.org/project/acme.git
538	21	13	fusion_mobile	Fusion Mobile	Fusion Mobile is a Fusion Core subtheme designed for creating a custom theme targeting mobile devices. By using a separate subtheme, you can control your theme settings and block layout/contents...	https://www.drupal.org/project/fusion_mobile	https://git.drupalcode.org/project/fusion_mobile.git
539	21	14	mobile_jquery	Mobile jQuery Theme	About the Theme The Mobile jQuery Theme is a powerful theme built on the jQuery Mobile platform. The theme adapts some of Drupal's base output to work with the highly themable designs built into...	https://www.drupal.org/project/mobile_jquery	https://git.drupalcode.org/project/mobile_jquery.git
540	21	15	jqm	jQM Theme	This theme is no longer maintained. Please explore the Mobile jQuery theme as an alternative. jQM is a jQuery Mobile-based theme. jQuery Mobile (http://jquerymobile.com/) is a mobile web...	https://www.drupal.org/project/jqm	https://git.drupalcode.org/project/jqm.git
541	21	16	simpleclean	Simple Clean	The main purpose of Simple Clean is for it to be crazy simple to get a site up and running in no time. The look and feel of the theme is, as the name suggests, very simple and stripped clean....	https://www.drupal.org/project/simpleclean	https://git.drupalcode.org/project/simpleclean.git
542	21	17	graze	Graze	Features A CSS-based, tableless theme in shades of gray with a subtle textured background One or two sidebars can be added to the main content area An optional region exists between the main...	https://www.drupal.org/project/graze	https://git.drupalcode.org/project/graze.git
543	21	18	mobile_basic	Mobile Basic	This is a minimal starter theme for small screen devices, like mobile phones. It has some special layout configuration because of the user experience. You can use it as a starter parent theme to...	https://www.drupal.org/project/mobile_basic	https://git.drupalcode.org/project/mobile_basic.git
544	21	19	md_minimal	MD Minimal	General description MD Minimal Drupal Theme by MegaDrupal. This is free minimal theme for Drupal. Features Cross-browser tested in IE7+, Safari, Firefox and Chrome You can change logo, favicon,...	https://www.drupal.org/project/md_minimal	https://git.drupalcode.org/project/md_minimal.git
545	21	20	wrappedsites	Wrapped Sites	A highly flexible 'parent' theme with pre-built sub-themes pack and almost unlimited ability to create new themes. Main features: 960 grid system based any columns order, configurable via theme...	https://www.drupal.org/project/wrappedsites	https://git.drupalcode.org/project/wrappedsites.git
546	21	21	onus	Onus	Onus is Tao sub-theme with simple grid layout. I intent to use Onus as base theme for Drupal 7 version of my previous themes. Colourise Strange Little Town Beach	https://www.drupal.org/project/onus	https://git.drupalcode.org/project/onus.git
547	21	22	html5_boilerplate	Responsive HTML5 Boilerplate	Old stuff.	https://www.drupal.org/project/html5_boilerplate	https://git.drupalcode.org/project/html5_boilerplate.git
548	21	23	om_admin	OM Admin Theme	OM Admin is a subtheme of OM Base Theme. This Admin Theme is meant to be installed with Admin Menu module, the most powerful administration menu. Together, OM Admin theme and Admin Menu work hand...	https://www.drupal.org/project/om_admin	https://git.drupalcode.org/project/om_admin.git
549	21	24	bartik_fb	Bartik Facebook	This is a simple subtheme of Bartik theme that comes with Drupal 7 for using with Drupal for Facebook module. This subtheme is a fixed width, 760px wide theme, to be used for iframe based Facebook...	https://www.drupal.org/project/bartik_fb	https://git.drupalcode.org/project/bartik_fb.git
550	21	25	dream960	dream960	http://drupal.org/project/wire960	https://www.drupal.org/project/dream960	https://git.drupalcode.org/project/dream960.git
551	22	1	grumpymonkey	Grumpy Monkey	A basic theme for a personal blog. Conversion of an old, site-specific Drupal 5.x theme to a generalised Drupal 7.x theme.	https://www.drupal.org/project/grumpymonkey	https://git.drupalcode.org/project/grumpymonkey.git
552	22	2	domicile	Domicile	This simple three-column sub-theme of NineSixty was designed by Betty Biesenthal and themed by Emma Jane for the Site Building Extravaganza program. It has already been adapted by several program...	https://www.drupal.org/project/domicile	https://git.drupalcode.org/project/domicile.git
553	22	3	om	OM 2 HTML5	"OM" (AUM) - the source of everything. If you're looking for a simple, lightweight and with only the bare functionalities needed for your complex designs, OM base theme is for you. It's a...	https://www.drupal.org/project/om	https://git.drupalcode.org/project/om.git
554	22	4	granada	Granada	Overview Granada is a Fusion sub-theme taking advantage of both Skinr and DesignKit. It is recolorable using either one or two colors and may additionally have a background image with opacity....	https://www.drupal.org/project/granada	https://git.drupalcode.org/project/granada.git
555	22	5	mydefaulttheme	My default theme	Inspired by Wordpress "default theme" and Drupal "garland", i created simple and configurable theme for Drupal with the same look as WP "default theme" and config panel as Garland. I used CSS style...	https://www.drupal.org/project/mydefaulttheme	https://git.drupalcode.org/project/mydefaulttheme.git
556	22	6	polymorph	Polymorph	A theme extending Panels 960gs. [If anyone would like to take this project, contact me. I have chosen to abandon it since Drupal is on a much better path forward: see Panopoly]	https://www.drupal.org/project/polymorph	https://git.drupalcode.org/project/polymorph.git
557	22	7	extrastark	ExtraStark	Concept: This theme is not a fully fledged Drupal theme, but more of a proof of concept. Quite so many designers new to Drupal complain about system CSS and how it makes styling much harder. My...	https://www.drupal.org/project/extrastark	https://git.drupalcode.org/project/extrastark.git
558	22	8	teleco	Teleco	Teleco is an advanced theme developed by FIGOVER for their Drupal distribution. It contains the same kinds of features you'll find in our other Drupal themes. * 1, or 2 column layout * Selectable...	https://www.drupal.org/project/teleco	https://git.drupalcode.org/project/teleco.git
559	22	9	samara	Samara	Features (8.x version) Responsive. Extensive stylings for all core modules: blocks, nodes, comments etc. Drop-down menu with unlimited number of submenus. 1-, 2- or 3-column layout with flexible...	https://www.drupal.org/project/samara	https://git.drupalcode.org/project/samara.git
560	22	10	bigdaddy	BigDaddy	The purpose of BigDaddy is to help front-ends have a better control of their work environment through an optimized file architecture with a lots of comments and good tips. It will help to increases...	https://www.drupal.org/project/bigdaddy	https://git.drupalcode.org/project/bigdaddy.git
561	22	11	journalcrunch	Journal Crunch	JournalCruch for Drupal by More than (just) Themes is based on the WordPress' JournalCruch theme, which was designed by Site5 for Smashing Magazine and its readers. JournalCruch has been ported to...	https://www.drupal.org/project/journalcrunch	https://git.drupalcode.org/project/journalcrunch.git
562	22	12	md_construction	MD Construction	General description MD Construction Drupal Theme by MegaDrupal. This is free under construction theme for Drupal. This is a simple theme, is used if you modify something in your site. Features 6...	https://www.drupal.org/project/md_construction	https://git.drupalcode.org/project/md_construction.git
563	22	13	zentropy	Zentropy	Update: Development has resumed with new co-maintainers! Stay tuned for new releases! Zentropy is a flexible, highly-optimized and Responsive HTML5 Base Theme which attempts to bring the best of a...	https://www.drupal.org/project/zentropy	https://git.drupalcode.org/project/zentropy.git
564	22	14	mayo	MAYO	Note: MAYO 8.x-1.0 released today (2015-Nov-19) and now that Drupal 8.0.0 is released we will try to maintain a little demo site. Note: MAYO 7.x-2.0 released today (2014-May-07) which is a...	https://www.drupal.org/project/mayo	https://git.drupalcode.org/project/mayo.git
565	22	15	libra	Libra Drupal Theme	General description Libra Drupal Theme by Glidea Web Agency and Drupal Soul, is a powerful Omega subtheme based on the 960gs. The design is a combination of blue sky colors with a nice look and...	https://www.drupal.org/project/libra	https://git.drupalcode.org/project/libra.git
566	22	16	unicornponies	Unicornponies Theme	This Bartik sub-theme just adds a bit of... how would you say... *pizzazz* to your Drupal site. Hat tips to The origin of sparkly rainbow unicorn/pony/unicornpony happiness and my gayness muse.	https://www.drupal.org/project/unicornponies	https://git.drupalcode.org/project/unicornponies.git
567	22	17	bluemasters	BlueMasters	BlueMasters for Drupal by More than (just) Themes is based on the homonymous PSD template, which was designed by Wendell Fernandes and released for Smashing Magazine and its readers. BlueMasters...	https://www.drupal.org/project/bluemasters	https://git.drupalcode.org/project/bluemasters.git
568	22	18	xc_theme	The eXtensible Catalog (XC) Theme	The eXtensible Catalog Organization is working to design and develop a set of open-source applications that will provide libraries with an alternative way to reveal their collections to library...	https://www.drupal.org/project/xc_theme	https://git.drupalcode.org/project/xc_theme.git
569	22	19	blackpiano	Black Piano	This is a Drupal port of the popular wordpress theme piano black by mono-lab. The following block regions are available: right sidebar, footer area, content, below content The css already includes...	https://www.drupal.org/project/blackpiano	https://git.drupalcode.org/project/blackpiano.git
570	22	20	jackson	Jackson	Theme overview: The Jackson Theme is a professionally designed, well-organized, free Drupal theme. The Drupal7 version is a base theme. The Drupal6 version is a sub-theme of the NineSixty (960)...	https://www.drupal.org/project/jackson	https://git.drupalcode.org/project/jackson.git
571	22	21	mm	MM - Minimalist Theme	A minimalistic responsive HTML5 theme for Drupal 7. A subtheme of the excellent Boron HTML5 base theme. (Requires Boron 7.x-1.x-dev to work). This theme was made to be fast-loading, look beautiful...	https://www.drupal.org/project/mm	https://git.drupalcode.org/project/mm.git
572	22	22	squaregrid	Square Grid theme	Lightweight. Responsive. Mobile-first. Content-first. HTML5. Square Grid theme provides a framework for your page layout ... and that's it. It incorporates responsive design settings to present...	https://www.drupal.org/project/squaregrid	https://git.drupalcode.org/project/squaregrid.git
573	22	23	gamma	Gamma	The Gamma theme was included in the 7.x-1.x branch of Omega, but for the 2.x branch, Gamma has gained a life of its own... Requirements The Gamma theme is a HTML5 sub-theme of Omega. You will need...	https://www.drupal.org/project/gamma	https://git.drupalcode.org/project/gamma.git
574	22	24	desk02_gradiel	Desk02 Gradiel	Desk02 Gradiel theme is a clean, lightweight, standards compliant, table-less Drupal 6 theme that implements the color scheme functionality. It has one sidebar, a front page top region and a footer...	https://www.drupal.org/project/desk02_gradiel	https://git.drupalcode.org/project/desk02_gradiel.git
575	22	25	openchurch_theme	OpenChurch Theme	OpenChurch Theme is a Bootstrap-based theme that is designed to be used with OpenChurch Core. This is a module that installs content and configuration on top of the "Standard" Drupal install profile.	https://www.drupal.org/project/openchurch_theme	https://git.drupalcode.org/project/openchurch_theme.git
576	23	1	rijkshuisstijl	Rijkshuisstijl (Dutch Government Branding)	General information The central government of the Netherlands has a standard Visual Identity that is used on every website. The so-called Rijkshuisstijl (central government visual branding) has...	https://www.drupal.org/project/rijkshuisstijl	https://git.drupalcode.org/project/rijkshuisstijl.git
577	23	2	noodle	Noodle	IMPORTANT: This theme is currently in beta. Please don't use for production. Some changes may ruin your subtheme (but most probably not). CONCEPT: This theme is targeted primarily for developers...	https://www.drupal.org/project/noodle	https://git.drupalcode.org/project/noodle.git
578	23	3	mo6	MO6	MO6 is a two-column light weight theme, fixed width, fixed columns, re-colorable. The theme is targeted for blog use. It's goal is to optimize for search engines, minimizing html, css and images,...	https://www.drupal.org/project/mo6	https://git.drupalcode.org/project/mo6.git
579	23	4	corky	Corky	The Corky theme is an office style theme with a bulletin board background complete with push pins. It is a fluid div based layout with a number of regions that allow site flexibility. If you like...	https://www.drupal.org/project/corky	https://git.drupalcode.org/project/corky.git
580	23	5	themereddit	Theme Reddit	This theme tries to mimic the reddit.com look. It is a sub-theme of the Fusion theme. This theme is specially suitable for forum type websites. The source code of reddit itself is Open Source under...	https://www.drupal.org/project/themereddit	https://git.drupalcode.org/project/themereddit.git
581	23	6	tundra	Tundra	This theme is succeeded by DXPR Theme and DXPR Builder. DXPR Theme provides a modern, flexible approach to theming with extensive customization options, including fonts, color settings, and layouts...	https://www.drupal.org/project/tundra	https://git.drupalcode.org/project/tundra.git
582	23	7	vibe	Vibe	Vibe, a simple Drupal 7 Fusion subtheme. Fusion is the required base theme. Featured in the book, Foundation Drupal.	https://www.drupal.org/project/vibe	https://git.drupalcode.org/project/vibe.git
583	23	8	mix_and_match	Mix and Match	Mix and Match 7.x-2.x is a responsive, mobile-friendly subtheme of the AdaptiveTheme base theme. The theme provides a wide range of colors and styles that can be selected through Drupal's UI. When...	https://www.drupal.org/project/mix_and_match	https://git.drupalcode.org/project/mix_and_match.git
584	23	9	kanji	Kanji	Kanji is a standards compliant XHTML 1.0 Strict, table-less theme with up to 10 regions, designed and developed by Carette Donny. Features: Support for logo, slogan, mission, footer message,...	https://www.drupal.org/project/kanji	https://git.drupalcode.org/project/kanji.git
585	23	10	dossier	Dossier	The Dossier theme encompasses a manilla folder style layout with tab navigation at the top. It is a fluid div based layout with a number of regions that allow site flexibility. If you like this...	https://www.drupal.org/project/dossier	https://git.drupalcode.org/project/dossier.git
586	23	11	rubik	Rubik	Rubik is a clean admin theme. It features a set of icons for admin pages provided by Drupal core and aggressive styling to reduce visual noise wherever possible. Requirements You must install the...	https://www.drupal.org/project/rubik	https://git.drupalcode.org/project/rubik.git
587	23	12	tao	Tao	Tao is a base theme for Drupal that is all about going with the flow. It is not meant for general-purpose use, but instead takes care of several tasks so that sub-themes can get on with their job:...	https://www.drupal.org/project/tao	https://git.drupalcode.org/project/tao.git
588	23	13	designer_relief	Designer Relief	Designer Relief is a Wordpress theme that I converted to a Drupal 6 theme. It's great for use as a blog theme, and has some customizations done to the page.tpl and node.tpl files to allow for the...	https://www.drupal.org/project/designer_relief	https://git.drupalcode.org/project/designer_relief.git
589	23	14	aperture	Aperture	Aperture is a clean and elegant theme suitable for those wanting a minimalistic yet polished look. Suitable for individuals, professionals, small businesses and other small sites. Clean and elegant...	https://www.drupal.org/project/aperture	https://git.drupalcode.org/project/aperture.git
590	23	15	alpine	Alpine	Alpine is a GPL v3 Wordpress theme by the same name that I converted to Drupal 6 originally. Since Drupal 7 has been released, I have also updated Alpine for Drupal 7. I have already added some...	https://www.drupal.org/project/alpine	https://git.drupalcode.org/project/alpine.git
591	23	16	wedding_bells	Wedding Bells	Wedding Bells is a GPL theme that I ported from Wordpress that is great for a wedding related website or blog. I did my best to keep it exactly like the original theme. This was my first...	https://www.drupal.org/project/wedding_bells	https://git.drupalcode.org/project/wedding_bells.git
592	23	17	ns_theme	NodeStream base theme	This is the default theme for the NodeStream profile. It uses the Precision base theme which is a theme designed for use with Panels Everywhere.	https://www.drupal.org/project/ns_theme	https://git.drupalcode.org/project/ns_theme.git
593	23	18	antonelli	Antonelli	Antonelli is a fluid width subtheme for Bartik, the default core theme for Drupal 7. By default Bartik is fixed width - Antonelli changes the layout to fluid (percentage based) with fixed width...	https://www.drupal.org/project/antonelli	https://git.drupalcode.org/project/antonelli.git
594	23	19	a_cloudy_day_mobile	A-Cloudy-Day Mobile theme	A cloudy day mobile theme is based on the A Cloudy Day theme. Optimized for iPhone, designed and developed by Carette Donny. Features: Support for logo, slogan, mission, primary links, secondary...	https://www.drupal.org/project/a_cloudy_day_mobile	https://git.drupalcode.org/project/a_cloudy_day_mobile.git
595	23	20	precision	Precision	Precision is a base theme build for Panels Everywhere. It's based on the exact same principles as the 960 grid system, but with a more fine grained grid and some minor feature additions. The theme...	https://www.drupal.org/project/precision	https://git.drupalcode.org/project/precision.git
596	23	21	magazeen_lite	Magazeen Lite	Magazeen Lite by More than (just) Themes is based on the WordPress' Magazeen theme plus the addition of a slideshow, which was created by the talented WeFunction Design Agency for Smashing Magazine...	https://www.drupal.org/project/magazeen_lite	https://git.drupalcode.org/project/magazeen_lite.git
597	23	22	twenty_ten	Twenty Ten	This is a port of the Twenty Ten theme from WordPress 3	https://www.drupal.org/project/twenty_ten	https://git.drupalcode.org/project/twenty_ten.git
598	23	23	fever	Fever	Fever is a multipurpose magazine style theme. Fever Drupal theme suits perfectly for news, sports, gaming, entertainment, etc. It is three columns, fix width theme. Two flexible sidebars can be...	https://www.drupal.org/project/fever	https://git.drupalcode.org/project/fever.git
599	23	24	runvsc	runvsc	runvsc is a tight, mean pre-processing base theme; all of the logic / markup is built from within the template.php. I created this base theme system because I wanted create a lightweight, powerful...	https://www.drupal.org/project/runvsc	https://git.drupalcode.org/project/runvsc.git
600	23	25	html5_base	HTML5 Base	This theme was originally conceived of as a place for a few dozen Drupal front-end developers to work together to figure out how best to get Drupal 7 to do HTML5. We had lots of debates and...	https://www.drupal.org/project/html5_base	https://git.drupalcode.org/project/html5_base.git
601	24	1	floater	Floater Theme	This is a basic theme intended for sites that want to get away from the column feel, yet want to have a fluid look. This approach uses fixed-width content area to help ensure readability, while...	https://www.drupal.org/project/floater	https://git.drupalcode.org/project/floater.git
602	24	2	fusemobile	Fuse Mobile	A base theme to start building your mobile site created from our base theme starter kit Fuse Basic. In this package you will find the Fuse Mobile base and the Fuse Mobile Complete sub-theme. future...	https://www.drupal.org/project/fusemobile	https://git.drupalcode.org/project/fusemobile.git
603	24	3	wlite	wLite - light Drupal theme	wLite is a new Drupal theme from Worthapost. This time we have made a clean, light weight Drupal theme. Its light but not least. Features: Drop-down menu Theme search box Content area adjust width...	https://www.drupal.org/project/wlite	https://git.drupalcode.org/project/wlite.git
604	24	4	titan	Titan	VIEW DEMO ► Theme featues: Extensive stylings for all core modules: blocks, nodes, forums, books, profiles, etc. 1- or 2-column layout 8 regions: header menu, content, sidebar, footer menu and 4...	https://www.drupal.org/project/titan	https://git.drupalcode.org/project/titan.git
605	24	5	gogland	Gogland	Looking for co-maintainer for those who seek simplicity, and clean bloggin, here is Gogland, a clear, simple and minimal Drupal blog theme. I have created this template based on CSS template by...	https://www.drupal.org/project/gogland	https://git.drupalcode.org/project/gogland.git
606	24	6	luxury	Luxury theme	Clean and simple Drupal theme with many regions. Created by ADCI solutions team Please notice that Theme was totally rebuilt! 1. Colors Ash and light blue palette. Version for Drupal 7 2. Regions 2...	https://www.drupal.org/project/luxury	https://git.drupalcode.org/project/luxury.git
607	24	7	redsalute	Red Salute	Red Salute is a port of the Bubbles template from Joomla. It is a clean theme with a div based, fixed width, 2-column layout (content+right sidebar). The original Joomla theme was created by...	https://www.drupal.org/project/redsalute	https://git.drupalcode.org/project/redsalute.git
608	24	8	boron	Boron (HTML5 base theme)	Boron is a base theme for Drupal which converts the core template files to HTML5 markup. Like other minimal base themes, such as Zen and Stark, it includes only a few lines of layout-driven CSS,...	https://www.drupal.org/project/boron	https://git.drupalcode.org/project/boron.git
609	24	9	fusebasic	Fuse Basic	A branch of the basic theme by Steve Krueger and Hubert Florin. Development sponsored by Fuse Interactive. We've expanded the 960px layout to 975px to give us more breathing room and added a spiffy...	https://www.drupal.org/project/fusebasic	https://git.drupalcode.org/project/fusebasic.git
610	24	10	mystique_theme	Mystique Theme	7.x port of mystique_theme and 6.x bug fixes released - Now the the content area expands if there is no sidebar content. This is a port of the popular Mystique theme from Wordpress. Mystique is a...	https://www.drupal.org/project/mystique_theme	https://git.drupalcode.org/project/mystique_theme.git
611	24	11	typebased	Typebased	Typebased - modern recolorable blog theme. VIEW DEMO ► Theme features: 8 predefined color schemes 6 regions: header menu, content, sidebar, footer menu, footer first column, footer second column...	https://www.drupal.org/project/typebased	https://git.drupalcode.org/project/typebased.git
612	24	12	beta	Beta	Beta is an HTML5/960gs theme based on Omega. Primary Features 12, 16, 24 and 32 Column Layouts. Integrates color.module for color scheme alterations CSS3 Gradients and effects also configured via...	https://www.drupal.org/project/beta	https://git.drupalcode.org/project/beta.git
613	24	13	koi	Koi	Koi - elegant grungy theme with advanced settings. VIEW DEMO (Drupal 7) ► VIEW DEMO (Drupal 6) ► Drupal 7 theme features: Extensive stylings for all core modules: blocks, nodes, forums, books,...	https://www.drupal.org/project/koi	https://git.drupalcode.org/project/koi.git
614	24	14	smashing_dilectio	Smashing Dilectio	Note: As of 2010/06/08, this module appears to no longer be supported. If you are interested in taking this module over, or you as the module maintainer feel this message has been posted in error,...	https://www.drupal.org/project/smashing_dilectio	https://git.drupalcode.org/project/smashing_dilectio.git
615	24	15	danland	Danland	Danland is clean, simple, elegant, and beautiful theme for Drupal 6.x, Drupal 7.x, and Drupal 8.x. This theme includes an image slideshow or photo slideshow feature on standard installation,...	https://www.drupal.org/project/danland	https://git.drupalcode.org/project/danland.git
616	24	16	corolla	Corolla	Corolla is a highly stylized colorable theme for Drupal 7 with many theme settings to allow you to completely customize the look and feel of your site. The 7.x-3.x and 7.x-2.x versions are...	https://www.drupal.org/project/corolla	https://git.drupalcode.org/project/corolla.git
617	24	17	alphorn	Alphorn	Description Alphorn is an impressive dark theme, available in 3 options: default, grey and green. Built for flexible uses, three menu options available, flexible layout, different combinations for...	https://www.drupal.org/project/alphorn	https://git.drupalcode.org/project/alphorn.git
618	24	18	templist	Templist	This is a port of the templist theme from Joomla. Templist is a clean theme with a div based, fixed width, 2-column layout (content+left sidebar) with rounded corners and 3 color design. The...	https://www.drupal.org/project/templist	https://git.drupalcode.org/project/templist.git
619	24	19	chocotheme	CHOCOTheme	This is a port of the popular CHOCOTheme from Wordpress. CHOCOTheme is a theme with div based, fixed width, two column layout (content+right sidebar). The original wordpress theme was created by...	https://www.drupal.org/project/chocotheme	https://git.drupalcode.org/project/chocotheme.git
620	24	20	shakennotstirred	Shaken not stirred	"Shaken not stirred" theme is nice, clean and modern drupal theme. Fixed width (865px) Tableless (css based) Tested in firefox 3+, chrome, opera9.x, safari3, ie6+ Created by ADCI solutions team	https://www.drupal.org/project/shakennotstirred	https://git.drupalcode.org/project/shakennotstirred.git
621	24	21	jq_theme	jQ Theme	This is a port of the popular jQ theme from Wordpress. jQ is a clean theme with a div based, fixed width, 2-column layout (content+right sidebar). The original wordpress theme was created by...	https://www.drupal.org/project/jq_theme	https://git.drupalcode.org/project/jq_theme.git
622	24	22	icandy	iCandy	7.x port released This is a port of the popular iCandy theme from Wordpress. iCandy is a clean theme with a div based, fixed width, 2-column layout (content+right sidebar). The original wordpress...	https://www.drupal.org/project/icandy	https://git.drupalcode.org/project/icandy.git
623	24	23	chamfer	Chamfer	#D7AX - I pledge to make this theme as accessible as it can be. If you find any flaws, please submit an issue. Help me fix them if you can. Chamfer is a theme developed originally as a customizable...	https://www.drupal.org/project/chamfer	https://git.drupalcode.org/project/chamfer.git
624	24	24	bartik	Bartik	Bartik was the default theme for Drupal 7, 8, and 9. In Drupal 10, it was replaced by Olivero. Some sites may still require or prefer Bartik, so it's available here as a contrib theme.	https://www.drupal.org/project/bartik	https://git.drupalcode.org/project/bartik.git
625	24	25	web110	web110	web110 is a clean simple and lightweight theme developed by Thomas Lattimore for Drupal 7 (tested in alpha 1 release). It complies to W3C's standards for XHTML + RDFa and CSS level 2.1. The theme...	https://www.drupal.org/project/web110	https://git.drupalcode.org/project/web110.git
626	25	1	simpler	Simpler	Simpler is a simple, tableless, multi column and fluid width theme. This theme is designed to pamper the reader, this can be seen from the choice of font family, font size and color. Visit Demo...	https://www.drupal.org/project/simpler	https://git.drupalcode.org/project/simpler.git
627	25	2	admire_grunge	Admire Grunge	This is a grunge Drupal theme in series of Admire_ Drupal themes by Worthapost.com. Its a high quality pure grunge theme that is incredibly stable in dynamic background images in different browsers...	https://www.drupal.org/project/admire_grunge	https://git.drupalcode.org/project/admire_grunge.git
628	25	3	conch	ST Conch	Conch is a beautiful Drupal theme developed in vintage style which will become an excellent basis for any Drupal-powered website. The theme maintains three column layout and is very easy to use. It...	https://www.drupal.org/project/conch	https://git.drupalcode.org/project/conch.git
629	25	4	busy	Busy	Busy is a theme targeted mainly at corporate sites. See some screenshots over here: http://drupal.org/node/695292#comment-2519468 Note Unfortunately we do not have much time to improve Busy at the...	https://www.drupal.org/project/busy	https://git.drupalcode.org/project/busy.git
630	25	5	at_panels_everywhere	AT Panels Everywhere	Responsive Panels Everywhere This is an Adaptivetheme sub-theme that fully supports Panels Everywhere. The basic concept is to combine the advanced theme settings and inherent responsive/mobile...	https://www.drupal.org/project/at_panels_everywhere	https://git.drupalcode.org/project/at_panels_everywhere.git
631	25	6	orange	Orange	Orange is a css based theme that has only one sidebar but it has a few other regions for different content. Version 2.x of Orange... is drastically different from the first version. There are more...	https://www.drupal.org/project/orange	https://git.drupalcode.org/project/orange.git
632	25	7	bluecheese	Bluecheese	Bluecheese is Drupal.org’s custom theme. The theme must be implemented in accordance with the Drupal.org style guide. This theme is only for use on official Drupal.org sites. Do not use this for...	https://www.drupal.org/project/bluecheese	https://git.drupalcode.org/project/bluecheese.git
633	25	8	gardening	Gardening	Drupal Gardening is a XHTML & CSS based nice Drupal Theme. Valid XHTML and CSS. Update: The Drupal 7 version is here! It's an HTML5/CSS3 theme. Drupal Gardening was originally designed for...	https://www.drupal.org/project/gardening	https://git.drupalcode.org/project/gardening.git
634	25	9	async	A Sync Template	14/01/2012 - Version 7.x-1.x is available for download! 13/01/2012 - Version 7.x-1.x: now A Sync Template is available on Drupal 7 with new features! A Sync Template 2.0 is an HTML5 theme for...	https://www.drupal.org/project/async	https://git.drupalcode.org/project/async.git
635	25	10	abstract	Abstract	This theme was originally made as a Wordpress GPL theme by Woo Themes, the theme was designed by the amazing Veerle Pieters. Dependencies Bootstrap Features Styling for Tagadelic blocks Styling for...	https://www.drupal.org/project/abstract	https://git.drupalcode.org/project/abstract.git
636	25	11	gateway	Gateway	This is a very initial release of the project described here: http://groups.drupal.org/node/20185 For now, it's only the theme with one of the designs, but I intend to add color module support and...	https://www.drupal.org/project/gateway	https://git.drupalcode.org/project/gateway.git
637	25	12	diary	Diary	A theme aimed at personal blogs with diary-like content.	https://www.drupal.org/project/diary	https://git.drupalcode.org/project/diary.git
638	25	13	travel	Drupal Travel	Drupal Travel is a XHTML & CSS based clean Drupal Theme with five regions (content top, sidebar, content, content top and footer). Valid XHTML and CSS. It is blue like Drupal. The theme is...	https://www.drupal.org/project/travel	https://git.drupalcode.org/project/travel.git
639	25	14	panels_960gs	Panels 960gs (HTML5)	Maintenance status This project has been dormant for some time and new installs and upgrades should seriously consider a more robust and actively-maintained grid-compatible base theme, like Omega....	https://www.drupal.org/project/panels_960gs	https://git.drupalcode.org/project/panels_960gs.git
640	25	15	active_n_rebuild	Active nRebuild	[EN] Active nRebuild – the theme for Web developers. Active nRebuild theme – the theme with simple and clean code (understandable CSS directives, predictable inheritance and etc.). And therefore it...	https://www.drupal.org/project/active_n_rebuild	https://git.drupalcode.org/project/active_n_rebuild.git
641	25	16	a_cloudy_day	A cloudy day	A cloudy day theme is a standards compliant XHTML 1.0 Strict, table-less theme with 2 fixed columns to fit a 1024x768 screen, designed and developed by Carette Donny. Features: XHTML Strict 1.0...	https://www.drupal.org/project/a_cloudy_day	https://git.drupalcode.org/project/a_cloudy_day.git
642	25	17	blogbuzz	BlogBuzz	BlogBuzz 7.x is available now! It is RC release because it has dependency on other modules. When all dependent modules catch up with Drupal 7, we will have BlogBuzz 7.x official release. Meanwhile...	https://www.drupal.org/project/blogbuzz	https://git.drupalcode.org/project/blogbuzz.git
643	25	18	charity	Charity	Charity is a simple but elegant theme developed by Chris Allison of Tentmaker Web Design. The original template was created by Free Website Templates. Features list Fixed-width layout 1 or 2 column...	https://www.drupal.org/project/charity	https://git.drupalcode.org/project/charity.git
644	25	19	html5	HTML5	What is this theme and why is it here? This theme will be the official back-port of the theme-related work done in the Drupal 8 HTML5 initiative. We want everyone to be able to preview what's...	https://www.drupal.org/project/html5	https://git.drupalcode.org/project/html5.git
645	25	20	earthish	Earthish	This theme is built for websites that want to be more horizontally orientated and was completely redone from the ground up so that's more unique, see [#712174]. The theme has earth tone based...	https://www.drupal.org/project/earthish	https://git.drupalcode.org/project/earthish.git
646	25	21	abaca	Abaca	Abaca has a dark background with white text, has one column on the right side with the primary navigation at the top. A demo is available. This theme was created by Drop Ship access for use with a...	https://www.drupal.org/project/abaca	https://git.drupalcode.org/project/abaca.git
647	25	22	dingus	Dingus	Clean, simple, light. Almost CSS-only design, styling the default output of Drupal core. Only a couple of small changes to re-order that output in a few basic templates. #D7AX - Help make this...	https://www.drupal.org/project/dingus	https://git.drupalcode.org/project/dingus.git
648	25	23	polpo	Polpo Admin Theme	Polpo is a Drupal 6 admin theme created by Australian Drupal developers &lt;PreviousNext&gt; that aims to make Drupal administration tasks easier for large corporate and novice users alike....	https://www.drupal.org/project/polpo	https://git.drupalcode.org/project/polpo.git
649	25	24	jq4dat	jQuery for Designers and Themers	Sample jQuery code in a theme for anyone learning jQuery. This code is based on the "jQuery for Themers and Designers" session at various Drupal events. You can get the accompanying slides at...	https://www.drupal.org/project/jq4dat	https://git.drupalcode.org/project/jq4dat.git
650	25	25	summertime	Summertime	Summertime is a beautiful theme with lots of small fancy things which will make your Drupal website look unique. This theme was designed & developed exclusively for Drupal by Pixeljets team....	https://www.drupal.org/project/summertime	https://git.drupalcode.org/project/summertime.git
651	26	1	cti_flex	CTI Flex	The CTI Flex theme is a flexible and highly customizable Zen sub-theme with many configurable styles and colors. Important Zen compatibility note CTI Flex 7.x-1.0 is compatible with Zen 7.x-3.1 and...	https://www.drupal.org/project/cti_flex	https://git.drupalcode.org/project/cti_flex.git
652	26	2	nifty50	Nifty 50	Nifty 50 was originally developed for my personal site. It is based on the Fluid 960 Grid System, created by Stephen Bau, based on the 960 Grid System by Nathan Smith. Features 1, 2, or 3 column,...	https://www.drupal.org/project/nifty50	https://git.drupalcode.org/project/nifty50.git
653	26	3	dessert	Dessert	Dessert is a theme created by Outcome3. Dessert is a simple, fixed width, layout, with a dessert themed colour scheme. A Demo of this theme is available.	https://www.drupal.org/project/dessert	https://git.drupalcode.org/project/dessert.git
654	26	4	fusion	Fusion	Fusion is a powerful base theme, with layout and style configuration options built in that you can control through Drupal's UI. It's based on a simplified 960px or fluid 12/16-column grid with...	https://www.drupal.org/project/fusion	https://git.drupalcode.org/project/fusion.git
655	26	5	andreas1024px	Andreas 1024px	I now have little time, so if someone wants to pick this project up, please contact me. This is a port of 1024px V3.0 by Andreas Viklund. This is the third theme I (Nick Young) have ported to...	https://www.drupal.org/project/andreas1024px	https://git.drupalcode.org/project/andreas1024px.git
656	26	6	scaccarium	Scaccarium	Scaccarium (Latin for 'chessboard' or 'game of chess') is a tableless, CSS-based, multi-column, variable-width layout with a chess theme. It was inspired by the free 'Artificial Casting' XHTML/CSS...	https://www.drupal.org/project/scaccarium	https://git.drupalcode.org/project/scaccarium.git
657	26	7	jp_mobile	Japanese Mobile	Japanese Mobile is a theme aimed at making a functional Drupal site for Japanese mobile phones(DoCoMo, au, Softbank). Since Drupal doesn't work with Japanese mobile phones by default, the theme...	https://www.drupal.org/project/jp_mobile	https://git.drupalcode.org/project/jp_mobile.git
658	26	8	adaptivetheme	AdaptiveTheme	No code - no problem! Adaptivetheme for Drupal 8 is a base theme designed for people who don’t code, or for those who only want to write a bit of CSS but still want a sleek and sophisticated theme...	https://www.drupal.org/project/adaptivetheme	https://git.drupalcode.org/project/adaptivetheme.git
659	26	9	inkribbon	Ink Ribbon	A base theme that provides a barebone CSS starting point by stripping unneeded presentational styling from core stylesheets.	https://www.drupal.org/project/inkribbon	https://git.drupalcode.org/project/inkribbon.git
660	26	10	wilderness	Wilderness	Wilderness is a green, khaki, and white theme specially created for nature or environmental sites and blogs. Features Support for logo, primary links, mission, shortcut icon and user pictures Fixed...	https://www.drupal.org/project/wilderness	https://git.drupalcode.org/project/wilderness.git
661	26	11	energetic	Energetic	The Energetic Drupal theme features a clean, light layout with a blue and orange colour scheme. Features: Support for logo, primary links, mission, shortcut icon and user pictures Fixed width...	https://www.drupal.org/project/energetic	https://git.drupalcode.org/project/energetic.git
662	26	12	omega	Omega	Omega Five for Drupal 8 - (8.x-5.0-alpha7) Omega Five brings back the ever popular user interface that allows for editing the responsive layout through the theme settings form making it possible...	https://www.drupal.org/project/omega	https://git.drupalcode.org/project/omega.git
663	26	13	airyblue	Airy Blue	Airy Blue is a blog-style theme originally created for Open Source Catholic. The theme uses some CSS3 features like rounded borders and text shadows, and includes styling for most of Drupal's...	https://www.drupal.org/project/airyblue	https://git.drupalcode.org/project/airyblue.git
664	26	14	bookstore	Bookstore	Bookstore is a sub-theme of the Blueprint Drupal theme (http://drupal.org/project/blueprint). The Drupal Blueprint theme integrates Drupal with the famous Blueprint CSS framework (http://www...	https://www.drupal.org/project/bookstore	https://git.drupalcode.org/project/bookstore.git
665	26	15	starkish	Starkish	Starkish is the starter theme for people who hate starter themes. It includes no CSS or presentational markup whatsoever, and it's meant to be hacked on. What's all this, then? Starkish is a...	https://www.drupal.org/project/starkish	https://git.drupalcode.org/project/starkish.git
666	26	16	arthemia	Arthemia	A port and modification of the Arthemia Free Wordpress theme converted to Drupal. The theme is of high quality, has 11 configurable regions and can be used in one and two column layouts. NOTE: The...	https://www.drupal.org/project/arthemia	https://git.drupalcode.org/project/arthemia.git
667	26	17	zeropoint	Zero Point	The Zero Point theme is a modern and versatile design developed by Dr. Radut that brings a sleek and responsive aesthetic to your Drupal-powered website. With a focus on user experience and visual...	https://www.drupal.org/project/zeropoint	https://git.drupalcode.org/project/zeropoint.git
668	26	18	acquia_prosper	Acquia Prosper	This theme is deprecated. There is an unbranded D7 port of this theme available here: https://www.drupal.org/project/fusion_prosper Any developments are going to happen on the new version of the...	https://www.drupal.org/project/acquia_prosper	https://git.drupalcode.org/project/acquia_prosper.git
669	26	19	fueldeluxe	FuelDeLuxe	FuelDeLuxe has to be considered as another blank canvas for theme developers. This is the theme I currently use for all my professional projects : simple to adapt from .PSDs, SEO friendly, theme...	https://www.drupal.org/project/fueldeluxe	https://git.drupalcode.org/project/fueldeluxe.git
670	26	20	scratch	Scratch	The purpose of this theme is that it can be used to start a new theme from, eeehh, well… scratch. So the display itself is unstyled. Some much used files are present, so there is no need to remove...	https://www.drupal.org/project/scratch	https://git.drupalcode.org/project/scratch.git
671	26	21	ninesixtyrobots	960 Robots	960 Robots is a theme created by Lullabot for its Drupal theming videos. This theme, based on the 960 grid system, features two columns on the right side of the page, a two-column footer, and...	https://www.drupal.org/project/ninesixtyrobots	https://git.drupalcode.org/project/ninesixtyrobots.git
672	26	22	yui_grid	YUI Grid	Clean, pure CSS tableless starter theme based upon YUI base, fonts, grids, and reset, with ARIA Landmark Roles. YUI Grid 3.x release is fully responsive. Note that this theme is extremely bland! It...	https://www.drupal.org/project/yui_grid	https://git.drupalcode.org/project/yui_grid.git
673	26	23	eldir	Eldir	Provision | Hosting | Eldir | Hostmaster Eldir is a Drupal theme that provides the default UI design and layout for the Aegir Hosting System. Explore Aegir's other components with the links above....	https://www.drupal.org/project/eldir	https://git.drupalcode.org/project/eldir.git
674	26	24	ishalist	Ishalist	A Minimalism theme for people who can appreciate simplicity. Features Fixed width and sidebar-less Tabs for primary links Large typography and plenty of whitespace CSS based (table less design) The...	https://www.drupal.org/project/ishalist	https://git.drupalcode.org/project/ishalist.git
675	26	25	elements_theme	Elements Theme	Revolution Elements is a dark, two-column theme with unique style that showcases images alongside the text of recent posts on the homepage. The theme is based on the old site of well-known...	https://www.drupal.org/project/elements_theme	https://git.drupalcode.org/project/elements_theme.git
676	27	1	mothership	mothership	m &#9881; t h e r s h i p Keelhaul the div! The Mothership is a HTML5 base theme that offers a workaround to Drupal’s obscure love for wrapping everything in 2 divs and slapping on 3 CSS classes...	https://www.drupal.org/project/mothership	https://git.drupalcode.org/project/mothership.git
677	27	2	biz	BIZ-Theme	BIZ - simple, tabled Drupal Theme with left, right sidebar, top and footer links. This theme based on blue marine theme. If default logo don't changed, so it will created from simple php class and...	https://www.drupal.org/project/biz	https://git.drupalcode.org/project/biz.git
678	27	3	layoutstudio	LayoutStudio	LayoutStudio is the ultimate Drupal starter theme Lightweight with the best SEO friendly and standards compliant code, LayoutStudio gets out of your way so you can quickly get back to the business...	https://www.drupal.org/project/layoutstudio	https://git.drupalcode.org/project/layoutstudio.git
679	27	4	beach	Beach	Beach theme has its own story but (maybe) we're too busy to describe a fairy tale while coding and doing graphics for new original Drupal theme. Briefly, this theme was provided by Indo-Thai Drupal...	https://www.drupal.org/project/beach	https://git.drupalcode.org/project/beach.git
680	27	5	austin	Austin Zen Sub Theme	The Austin (Zen Sub theme) was created in partnership with Mark Boulton for the "Iron Chef" style competition at SXSW 2009. The competition known as "Ultimate Showdown of Content Management System...	https://www.drupal.org/project/austin	https://git.drupalcode.org/project/austin.git
681	27	6	pushbutton	Pushbutton	This is the Pushbutton theme that was in Drupal 6. It was removed from Drupal 7, but it will live on as a contributed theme at this location. Working on Drupal 8 Version and will be ready as Drupal...	https://www.drupal.org/project/pushbutton	https://git.drupalcode.org/project/pushbutton.git
682	27	7	waffles	Waffles	Deep mod. Acquia Marina by TopNotchThemes Features CSS-based (tableless) Flexible layout 1, 2, or 3 column 15 collapsible block regions Funny breadcrumb Valid XHTML 1.0 Strict Cross-browser IE 6/7,...	https://www.drupal.org/project/waffles	https://git.drupalcode.org/project/waffles.git
683	27	8	pockett	PocketT	PocketT is a free (GNU GPL) Drupal 7 theme originally created by Nyssa Brown Design and ported to Drupal 7 by CrashTest_. Its sole purpose is to be compact and focus on blogging, while still...	https://www.drupal.org/project/pockett	https://git.drupalcode.org/project/pockett.git
684	27	9	andreas	Andreas	DRUPAL 7/8: I started work on a D7 release, and part of it is in the repository, NOT all parts are production ready or complete. At present ONLY Andreas 00, 01, 02 &amp; 09 have been ported. I now...	https://www.drupal.org/project/andreas	https://git.drupalcode.org/project/andreas.git
685	27	10	daleri_structure	Daleri Structure	This is a port of the Daleri Themes by Andreas Viklund.	https://www.drupal.org/project/daleri_structure	https://git.drupalcode.org/project/daleri_structure.git
686	27	11	chameleon	Chameleon	Chameleon is a minimalist theme featuring light colors and a clean flexbox-based layout. Originally part of Drupal core until version 6, this theme has been modernized for Drupal 11 with enhanced...	https://www.drupal.org/project/chameleon	https://git.drupalcode.org/project/chameleon.git
687	27	12	stark	Stark	The Stark theme is provided for demonstration purposes; it uses Drupal’s default HTML markup and CSS styles. It can be used as a troubleshooting tool to determine whether module-related CSS and...	https://www.drupal.org/project/stark	https://git.drupalcode.org/project/stark.git
688	27	13	changeme	changeme	This theme is intended for those who want a simple layout with the ability to easily change simple aspects such as font colors, link colors, fonts, and header color without having to bother to dig...	https://www.drupal.org/project/changeme	https://git.drupalcode.org/project/changeme.git
689	27	14	ninesixty	NineSixty (960 Grid System)	This theme is based on the 960 Grid System by Nathan Smith. Details on its background can be found in a journal entry. NineSixty is a base theme with all the files provided by the 960 Grid System....	https://www.drupal.org/project/ninesixty	https://git.drupalcode.org/project/ninesixty.git
690	27	15	mulpo	mulpo	Mulpo is a simple clean theme with semantic markup, ideal for blogs. The mulpo theme manages to look very stylish with just one background image, all the rest is done with CSS. The current release...	https://www.drupal.org/project/mulpo	https://git.drupalcode.org/project/mulpo.git
691	27	16	decayed	Decayed	Motivations This theme is modified from a Wordpress template named Decayed. Inspirations Decayed is a beautiful dark design with fixed width layout, a sidebar, a nice image header. Features Fixed...	https://www.drupal.org/project/decayed	https://git.drupalcode.org/project/decayed.git
692	27	17	cherryblossom	Cherry Blossom	Designed by Mark Yuasa, then of Raincity Studios, converted from WordPress to Drupal by Richard Eriksson. Overwhelmingly pink. As part of #D7CX, Cherry Blossom had a full Drupal 7 release on the...	https://www.drupal.org/project/cherryblossom	https://git.drupalcode.org/project/cherryblossom.git
693	27	18	dropshadow	Dropshadow	#D7CX: I pledge that Grassland will have a full Drupal 7 release on the day that Drupal 7 is released. #D7AX - I pledge to make this theme as accessible as it can be. If you find any flaws, please...	https://www.drupal.org/project/dropshadow	https://git.drupalcode.org/project/dropshadow.git
694	27	19	grassland	Grassland	#D7AX - I pledge to make this theme as accessible as it can be. If you find any flaws, please submit an issue. Help me fix them if you can. "Grassland is a bloggers theme for those of you with your...	https://www.drupal.org/project/grassland	https://git.drupalcode.org/project/grassland.git
695	27	20	ebizon_redfire	Ebizon RedFire	Ebizon RedFire is a strict xHTML validated, standards compliant CSS based drupal template with mission statement, breadcrumbs, custom footer. It is a fixed width with beautiful red, black on white...	https://www.drupal.org/project/ebizon_redfire	https://git.drupalcode.org/project/ebizon_redfire.git
696	27	21	ebizon_exotic_red	Ebizon Exotic Red	Ebizon Exotic Red is a beautiful strict xHTML validated, standards compliant CSS based 2 Columns drupal template. And the HTML demo can be had from here Author Ebizon NetInfo, Drupal Based Web...	https://www.drupal.org/project/ebizon_exotic_red	https://git.drupalcode.org/project/ebizon_exotic_red.git
697	27	22	bluefreedom3	Blue Freedom 3 (Rounded Corners)	A simple, fixed width, theme with a blue header. This theme was inspired by the of works of the Open Source Web Design community. This theme is almost an exact port of the static template into...	https://www.drupal.org/project/bluefreedom3	https://git.drupalcode.org/project/bluefreedom3.git
698	27	23	addari	Addari	Addari is another clean theme contributed to Drupal from Worthapost. This theme targets those who want cleanliness and web 2.0 mixture for their Drupal based website. Features Rounded Glassy...	https://www.drupal.org/project/addari	https://git.drupalcode.org/project/addari.git
699	27	24	superclean	SuperClean	SuperClean Development and maintenance for this theme is now taking place again. Drupal 7 release of SuperClean will be updated within a few days. The SuperClean theme is intended to be a clean...	https://www.drupal.org/project/superclean	https://git.drupalcode.org/project/superclean.git
700	27	25	colourise	Colourise	Inspirations The original design is StyleShout's Colourise 1.0, awesome work from Erwin Aligam. I had modified text color scheme and typography to be more legible and more suitable for both Latin...	https://www.drupal.org/project/colourise	https://git.drupalcode.org/project/colourise.git
701	28	1	darkblue	Dark Blue	A simple yet elegant theme, ideal for a blog. A port from the free template Dark Blue from minimalistic-design.net You can see the original demo here: http://www.minimalistic-design.net...	https://www.drupal.org/project/darkblue	https://git.drupalcode.org/project/darkblue.git
702	28	2	genesis	Genesis	Genesis is an standards compliant, accessible and semantically rich starter theme for Drupal. Genesis is designed to be simple, yet powerful, flexible and easy to get started with. New! The 7.x-2.x...	https://www.drupal.org/project/genesis	https://git.drupalcode.org/project/genesis.git
703	28	3	acquia_marina	Acquia Marina	This theme is deprecated. There is an unbranded D7 port of this theme available here: https://www.drupal.org/project/fusion_marina Any developments are going to happen on the new version of the...	https://www.drupal.org/project/acquia_marina	https://git.drupalcode.org/project/acquia_marina.git
704	28	4	blank	Embeddable Blank Theme	This theme has no regions, no CSS and no chrome. It is designed to be used to theme a drupal website (or some of it's pages) to appear embedded in other websites via iframes. World's simplest...	https://www.drupal.org/project/blank	https://git.drupalcode.org/project/blank.git
705	28	5	bluemarine_ets	Bluemarine ETS	Bluemarine ETS is an implementation of the Bluemarine theme using the ETS - Easy Template System theme engine.	https://www.drupal.org/project/bluemarine_ets	https://git.drupalcode.org/project/bluemarine_ets.git
706	28	6	painted	Painted Wall	Abandoned	https://www.drupal.org/project/painted	https://git.drupalcode.org/project/painted.git
707	28	7	tma	The Morning After	This is a port of the Wordpress theme The Morning After to Drupal/ProsePoint. (The multiple columns in the screenshot are not due to this theme, but from the module Composite Layout, although there...	https://www.drupal.org/project/tma	https://git.drupalcode.org/project/tma.git
708	28	8	easybreeze	Easy Breeze	This is a re-implementation of the Easy Breeze theme by Igor Jovic. This is a tableless, multi-column, fluid width layout. Parts of the design are ported from Contented7, Internet Services and...	https://www.drupal.org/project/easybreeze	https://git.drupalcode.org/project/easybreeze.git
709	28	9	pixture_reloaded	Pixture Reloaded	Pixture Reloaded is a re-colorable theme powered by Adaptivetheme and inherits all its features such as mobile support, highly configurable layout, responsive menus and many theme settings. PR in...	https://www.drupal.org/project/pixture_reloaded	https://git.drupalcode.org/project/pixture_reloaded.git
710	28	10	nigraphic	niGraphic Studio Theme	niGraphic Studio Theme is a very light-weight, CSS-based, tableless template, with 2 columns made by niGraphic Design. Try out a demonstration Features Fixed width with 2 columns Random rotating...	https://www.drupal.org/project/nigraphic	https://git.drupalcode.org/project/nigraphic.git
711	28	11	shallowgrunge	Shallow Grunge	Features Unlimited color options 4 grunge styles to choose from Awesome custom font included Looks great in all major browsers Validates W3C XHTML 1.0 strict Validates W3C CSS level 2.1* Two...	https://www.drupal.org/project/shallowgrunge	https://git.drupalcode.org/project/shallowgrunge.git
712	28	12	newswire	Newswire	Newswire is a 4 column, table-less, fixed width theme for Drupal 6.x. Newswire has many additional regions ideal for displaying standard size banners or any other content. The fixed width is 960...	https://www.drupal.org/project/newswire	https://git.drupalcode.org/project/newswire.git
713	28	13	ablock	A Block	Abandoned project	https://www.drupal.org/project/ablock	https://git.drupalcode.org/project/ablock.git
714	28	14	colorfulness_theme	Colorfulness	Colorfulness Theme is a very light-weight, CSS-based, tableless template, with 2 or 3 columns made by niGraphic Design. Try out a demonstration Features Supports RTL & LTR languages Fixed width...	https://www.drupal.org/project/colorfulness_theme	https://git.drupalcode.org/project/colorfulness_theme.git
715	28	15	abarre	Abarre	Abarre is a fluid, 2 columns, table-less theme, using the Holy Grail layout technique, (good for SEO), and supporting the COLOR module, that allows you to easily customize the colors of the theme....	https://www.drupal.org/project/abarre	https://git.drupalcode.org/project/abarre.git
716	28	16	moleskine	Moleskine	I designed Moleskine thinking about travelling bloggers. It refers to the Moleskine brand of notebooks, used by European artists and thinkers for the past two centuries, from Van Gogh to Picasso,...	https://www.drupal.org/project/moleskine	https://git.drupalcode.org/project/moleskine.git
717	28	17	camsel	camsel	A 3 column layout with maroon and gold bars. Supported features include logo, slogan and secondary links. Primary links can be added if there is demand (please create an issue if this is wanted)....	https://www.drupal.org/project/camsel	https://git.drupalcode.org/project/camsel.git
718	28	18	nitobe	Nitobe	Seeking a new maintainer Please contact Todd Nienkerk if you are interested in taking over maintenance of this theme. About Nitobe Nitobe is a fixed-width, content-first theme based on the 960 Grid...	https://www.drupal.org/project/nitobe	https://git.drupalcode.org/project/nitobe.git
719	28	19	clean	Clean	A base theme with a focus on minimal implementation. Clean theme provides a solid foundation for creating bespoke themes in the shortest possible time. Features Collapsible layout Large default...	https://www.drupal.org/project/clean	https://git.drupalcode.org/project/clean.git
720	28	20	abessive	Abessive	Welcome to Abessive. Abessive is a word in English relating to grammar and has foundations in the Latin Abesse meaning to be away/absent. I chose this name because this theme is (almost) absent of...	https://www.drupal.org/project/abessive	https://git.drupalcode.org/project/abessive.git
721	28	21	basic	Basic	Basic boasts a clean HTML5 structure with extensible CSS classes for unlimited theming possibilities as well as a top-down load order for improved SEO. It is fully responsive out-of-the-box and...	https://www.drupal.org/project/basic	https://git.drupalcode.org/project/basic.git
722	28	22	ad_the_morning_after	AD The Morning After	Part of the AD Themes series, generously sponsored by Duplika, whereby some of the greatest themes for other content management systems, as well as general open source templates, are ported by...	https://www.drupal.org/project/ad_the_morning_after	https://git.drupalcode.org/project/ad_the_morning_after.git
723	28	23	multiflex3	Multiflex-3	This is a re-implementation of the Multiflex-3 theme by Gerhard. This is a tableless, multi-column, fluid width layout. Parts of the design are ported from Contented7, Internet Services and...	https://www.drupal.org/project/multiflex3	https://git.drupalcode.org/project/multiflex3.git
724	28	24	ad_novus	AD Novus	Part of the AD Themes series, generously sponsored by Duplika, whereby some of the greatest themes for other content management systems, as well as general open source templates, are ported by Alan...	https://www.drupal.org/project/ad_novus	https://git.drupalcode.org/project/ad_novus.git
725	28	25	ad_blueprint	AD Blueprint	Part of the AD Themes series, generously sponsored by Duplika, whereby some of the greatest themes for other content management systems, as well as general open source templates, are ported by...	https://www.drupal.org/project/ad_blueprint	https://git.drupalcode.org/project/ad_blueprint.git
726	29	1	forest_floor	Forest Floor	A 3 column theme created by Avioso Designs, that also works very well with one or even no columns. This theme supports the folowing features: Logo Site Name Site Slogan Mission statement User...	https://www.drupal.org/project/forest_floor	https://git.drupalcode.org/project/forest_floor.git
727	29	2	tarski	Tarski	This is a Drupal implementation of one of the most recognizable WordPress themes: Tarski. VIEW DEMO ► Theme features: Simple and clean design Extensive stylings for all core modules: blocks, nodes,...	https://www.drupal.org/project/tarski	https://git.drupalcode.org/project/tarski.git
728	29	3	hexagon	Hexagon	Partial feature list: More preprocess hooks for manipulating template variables. Drupal 6 only provides one. Hexagon adds two more. pre_preprocess invoked before the default preprocess function and...	https://www.drupal.org/project/hexagon	https://git.drupalcode.org/project/hexagon.git
729	29	4	interactive_media	Interactive Media	This is a re-implementation of the Interactive Media theme by Luka Cvrk. This is a tableless, multi-column, fluid width layout. Parts of the design are ported from Contented7 and Internet Services...	https://www.drupal.org/project/interactive_media	https://git.drupalcode.org/project/interactive_media.git
730	29	5	beginning	Beginning	The Beginning theme has to be considered as a blank canvas. This theme is for designer artist. Designers can begin theme designing, web designing without worrying about theme structure, layout and...	https://www.drupal.org/project/beginning	https://git.drupalcode.org/project/beginning.git
731	29	6	alina	Alina	Standards-compliant XHTML 1.0 Strict and CSS. Liquid CSS layout (71% / 29%) Supports only two columns Cute icons. Cross-browser compatible. Works in Opera 9, Firefox 2, Konqueror and IE 6 - 7.	https://www.drupal.org/project/alina	https://git.drupalcode.org/project/alina.git
732	29	7	andreas02	Andreas02	NOTE: Drupal 7 version is a sub-theme of Zen, hence you will need Zen downloaded as well in order to use this theme. Background This is a port of Andreas 02, originally designed by Andreas Viklund ...	https://www.drupal.org/project/andreas02	https://git.drupalcode.org/project/andreas02.git
733	29	8	tapestry	Tapestry	Tapestry is a theme for Drupal versions 5, 6 and 7, Drupal 5 and 6 version was created by RoopleTheme(AD). Tapestry provides Drupal users with many advanced features including: 20 Different Color...	https://www.drupal.org/project/tapestry	https://git.drupalcode.org/project/tapestry.git
734	29	9	framework	Framework	Framework is a blank canvas for theme developers. Use Framework as a user friendly starting point to help facilitate your theme development. Build site themes without feeling like you have to...	https://www.drupal.org/project/framework	https://git.drupalcode.org/project/framework.git
735	29	10	acta	Acta	The Acta theme is a one or two column fixed width table-less design. Acta incorporates css sprites for instant and seamless background image changes. Acta is fully XHTML compliant and has been...	https://www.drupal.org/project/acta	https://git.drupalcode.org/project/acta.git
736	29	11	fourseasons	Four Seasons	Four Seasons Evolution: The theme was completely rewritten for version 6.x-2.x Temporary comment: Screenshot does not represent the new version 2 that should be available as a develoment snapshot...	https://www.drupal.org/project/fourseasons	https://git.drupalcode.org/project/fourseasons.git
737	29	12	rootcandy	RootCandy	RootCandy is a 3 column theme focused on administration section. Supports node/add /edit pages Re-colorable Icons Top navigation by role Simple dashboard 3 column fluid or fixed layouts Rootcandy...	https://www.drupal.org/project/rootcandy	https://git.drupalcode.org/project/rootcandy.git
738	29	13	eve_igb	EvE IGB	This is a special theme that allows using Drupal from the EvE IGB. It is designed to work in conjunction with the EvE IGB Fixups module. Share and enjoy. Tuesday September 23, 2008 Note -- Working...	https://www.drupal.org/project/eve_igb	https://git.drupalcode.org/project/eve_igb.git
739	29	14	ad_agency	Ad Agency	This theme is a port of the opendesigns.org Ad Agency template. A preview of this theme on opendesigns.org can be found HERE. This is a fixed width 3 column theme, where the grey banner image...	https://www.drupal.org/project/ad_agency	https://git.drupalcode.org/project/ad_agency.git
740	29	15	marinelli	Marinelli	Marinelli is a 3 column, tableless layout theme with a wide image banner and a "top-tabbed" primary-links system. 3x Main Features Flexible 3 column system with 8 extra collapsible regions and a ...	https://www.drupal.org/project/marinelli	https://git.drupalcode.org/project/marinelli.git
741	29	16	blueprint	Blueprint	Blueprint is a starter Drupal theme meant to make development of custom themes faster. Version 2.0 is now out! The big improvements are added customization settings on the theme settings page,...	https://www.drupal.org/project/blueprint	https://git.drupalcode.org/project/blueprint.git
742	29	17	sky	Sky	Sky is a minimal, center aligned, CSS-based, multi-column layout theme, with Color module support (7.x only), that uses HTML5 and CSS3. This newest 7.x-3.x and 2.x versions are sub-themes of...	https://www.drupal.org/project/sky	https://git.drupalcode.org/project/sky.git
743	29	18	newsflash	NewsFlash	NewsFlash is the latest GPL theme by RoopleTheme(AD). It features 7 color styles, 12 collapsible regions, suckerfish menus, fluid or fixed widths, built-in IE transparent PNG fix, and lots more. ....	https://www.drupal.org/project/newsflash	https://git.drupalcode.org/project/newsflash.git
744	29	19	deco	Deco	Deco is a theme developed for the Google Summer of Code 2007. It offers a stylish design and several layout options, including: Single sidebar layout: left or right sidebar. Double sidebar layout:...	https://www.drupal.org/project/deco	https://git.drupalcode.org/project/deco.git
745	29	20	spring_bloom	Spring Bloom	This is a port of the Spring Bloom design from http://www.oswd.org/design/preview/id/3535. Spring Bloom is a two column theme suitable for blog sites. It can accommodate five links in the header...	https://www.drupal.org/project/spring_bloom	https://git.drupalcode.org/project/spring_bloom.git
746	29	21	litejazz	litejazz	LiteJazz is a GPL theme by RoopleTheme(AD). It features 3 color styles, 12 fully collapsible regions, suckerfish menus, fluid or fixed widths, easy configuration, and more. LiteJazz 2.x is...	https://www.drupal.org/project/litejazz	https://git.drupalcode.org/project/litejazz.git
747	29	22	mobi	.mobi	This theme creates a way sites who have mobile domain aliases of their website to have a specially formatted mobile format for their visitors who use the mobile domain, and allow the visitors of...	https://www.drupal.org/project/mobi	https://git.drupalcode.org/project/mobi.git
748	29	23	blue_zinfandel	Blue Zinfandel	This is a port of Brian Gardner's Blue Zinfandel Squared WordPress Theme. Simple two-column theme for blogs. See README.txt for more information. This theme was featured in this blog post: The...	https://www.drupal.org/project/blue_zinfandel	https://git.drupalcode.org/project/blue_zinfandel.git
749	29	24	aurora	Aurora	Aurora is an HTML5, Sass and Compass powered minimalist base theme. It is optimized for both responsive and mobile first web design. Built to encourage best modern front end practices, Aurora comes...	https://www.drupal.org/project/aurora	https://git.drupalcode.org/project/aurora.git
750	29	25	green	Green	Green is the color most commonly associated with nature, growing grass, spring, hope and the environmental movement. Green theme is dedicated for fresh green nature. I develop design of Drupal...	https://www.drupal.org/project/green	https://git.drupalcode.org/project/green.git
751	30	1	glossyblue	GlossyBlue	High-tech, glossy Mac style, validated CSS and XHTML, Web 2.0 colors… perfect for your technology-related blog. This is a port of WordPress themeGlossyBlue theme. GlossyBlue is a nice and clean 2...	https://www.drupal.org/project/glossyblue	https://git.drupalcode.org/project/glossyblue.git
752	30	2	aberdeen	Aberdeen	A fresh design that balances simplicity, soft, neutral background colors, plenty of whitespace and big nice typography. List of features: Standards-compliant XHTML 1.0 Strict and CSS. Liquid CSS...	https://www.drupal.org/project/aberdeen	https://git.drupalcode.org/project/aberdeen.git
753	30	3	bluelake	Blue Lake	This theme is inspired by the Django framework and currently uses tables, yet a re-writing to use layers is scheduled. This theme also boasts valid W3C XHTML 1.0 Strict and CSS 2.1 compliance.	https://www.drupal.org/project/bluelake	https://git.drupalcode.org/project/bluelake.git
754	30	4	bluebreeze	BlueBreeze	Bluebreeze is a clean, neat and blue theme. It has a classic 2 or 3 column liquid width layout with sub theme for fix width. It is based on the great .tpl-file structure of the zen theme. It...	https://www.drupal.org/project/bluebreeze	https://git.drupalcode.org/project/bluebreeze.git
755	30	5	zen	Zen	Zen is a modern, powerful, HTML5 starting theme with component-based CSS and a responsive, mobile-first grid design. If you are building your own standards-compliant theme, you will find it much...	https://www.drupal.org/project/zen	https://git.drupalcode.org/project/zen.git
756	30	6	mobile	Mobile	Mobile is designed as a mobile-only HTML5 theme with a focus on clean, readable, usable display of content and accessibility of functions. You can use the base theme, use one of the included child...	https://www.drupal.org/project/mobile	https://git.drupalcode.org/project/mobile.git
757	30	7	internet_services	Internet Services	This is a re-implementation of the Internet Services (and 2nd Edition) theme by Luka Cvrk. This is a tableless, multi-column, fluid width layout. Parts of the design are ported from K2 theme. This...	https://www.drupal.org/project/internet_services	https://git.drupalcode.org/project/internet_services.git
758	30	8	ocadia	Ocadia	This is a port of the Ocadia Theme for Wordpress made by Beccary (http://beccary.com). Please note that this is a two column theme and the left and right sidebars appear on the right hand side of...	https://www.drupal.org/project/ocadia	https://git.drupalcode.org/project/ocadia.git
759	30	9	contented7	Contented7	This is a re-implementation of the Contented7 theme by Tom Rowan. This is a tableless, multi-column, fluid width layout. Parts of the design are ported from K2 theme. This theme is part of the...	https://www.drupal.org/project/contented7	https://git.drupalcode.org/project/contented7.git
760	30	10	noprob	NoProb	This is a fixed-width design with a single-colored banner and a muted colour scheme. It features support for sidebars on one or both sides, a print style sheet, and under Drupal 6 and above, a menu...	https://www.drupal.org/project/noprob	https://git.drupalcode.org/project/noprob.git
761	30	11	bluemarine	Bluemarine	This is the Bluemarine theme that was included as part of Drupal 6, 5, and 4.7 (and maybe beyond) core. It was removed from Drupal 7 core, but it continues to live on as a contributed theme at this...	https://www.drupal.org/project/bluemarine	https://git.drupalcode.org/project/bluemarine.git
